2004-01-01 00:00:00,0.8199600479361017
2004-01-01 12:00:00,0.8192446923881416
2004-01-02 00:00:00,0.8187989376120838
2004-01-02 12:00:00,0.8186676056448574
2004-01-03 00:00:00,0.8180260393608948
2004-01-03 12:00:00,0.8175153571143068
2004-01-04 00:00:00,0.8171245529899991
2004-01-04 12:00:00,0.8168283793909692
2004-01-05 00:00:00,0.8166629419880114
2004-01-05 12:00:00,0.8166060156216317
2004-01-06 00:00:00,0.8163554004757957
2004-01-06 12:00:00,0.8162455991150382
2004-01-07 00:00:00,0.8158721863087611
2004-01-07 12:00:00,0.8157055474065477
2004-01-08 00:00:00,0.8157830395299726
2004-01-08 12:00:00,0.8154130163859095
2004-01-09 00:00:00,0.8159557637261848
2004-01-09 12:00:00,0.8247873123071023
2004-01-10 00:00:00,0.8240651237217417
2004-01-10 12:00:00,0.8236417248307736
2004-01-11 00:00:00,0.8229522485062969
2004-01-11 12:00:00,0.8227317950474808
2004-01-12 00:00:00,0.8221359063472966
2004-01-12 12:00:00,0.8217040695554589
2004-01-13 00:00:00,0.820563724167333
2004-01-13 12:00:00,0.8194416124801246
2004-01-14 00:00:00,0.8182956482417975
2004-01-14 12:00:00,0.8170665424883933
2004-01-15 00:00:00,0.8160007913156467
2004-01-15 12:00:00,0.8210436951154835
2004-01-16 00:00:00,0.8204213660391022
2004-01-16 12:00:00,0.8202917506469265
2004-01-17 00:00:00,0.8195709024730224
2004-01-17 12:00:00,0.8241576546307796
2004-01-18 00:00:00,0.8313056579787826
2004-01-18 12:00:00,0.856782193160994
2004-01-19 00:00:00,0.8652848525114518
2004-01-19 12:00:00,0.8645477693907049
2004-01-20 00:00:00,0.8639745613609467
2004-01-20 12:00:00,0.8634587416628005
2004-01-21 00:00:00,0.8628666359343543
2004-01-21 12:00:00,0.8624133861203531
2004-01-22 00:00:00,0.8618393047449976
2004-01-22 12:00:00,0.8615694584351007
2004-01-23 00:00:00,0.8613065160278301
2004-01-23 12:00:00,0.8611062072736027
2004-01-24 00:00:00,0.8608395680190422
2004-01-24 12:00:00,0.8606533169939561
2004-01-25 00:00:00,0.8604079867256434
2004-01-25 12:00:00,0.8603188374086977
2004-01-26 00:00:00,0.8602215491713696
2004-01-26 12:00:00,0.860300252943757
2004-01-27 00:00:00,0.8665141587922665
2004-01-27 12:00:00,0.8888617719644786
2004-01-28 00:00:00,0.8929701685478116
2004-01-28 12:00:00,0.8921186501830285
2004-01-29 00:00:00,0.8910604190830721
2004-01-29 12:00:00,0.8902623507913661
2004-01-30 00:00:00,0.8916347203622842
2004-01-30 12:00:00,0.8956927629237934
2004-01-31 00:00:00,0.8956550879140031
2004-01-31 12:00:00,0.8951075655166695
2004-02-01 00:00:00,0.8943740687383203
2004-02-01 12:00:00,0.8931863851896961
2004-02-02 00:00:00,0.8918360578593988
2004-02-02 12:00:00,0.890553221786853
2004-02-03 00:00:00,0.8890358547746798
2004-02-03 12:00:00,0.8874353515630419
2004-02-04 00:00:00,0.8860318739302404
2004-02-04 12:00:00,0.8851111256657043
2004-02-05 00:00:00,0.8838617570135249
2004-02-05 12:00:00,0.8826788381072896
2004-02-06 00:00:00,0.8814088208179375
2004-02-06 12:00:00,0.8801666117670125
2004-02-07 00:00:00,0.8789057680322933
2004-02-07 12:00:00,0.8775596107526354
2004-02-08 00:00:00,0.876162741293042
2004-02-08 12:00:00,0.8748417331579531
2004-02-09 00:00:00,0.8736470484140718
2004-02-09 12:00:00,0.8728488336666166
2004-02-10 00:00:00,0.8717860594335708
2004-02-10 12:00:00,0.8712515306501557
2004-02-11 00:00:00,0.8703075946248188
2004-02-11 12:00:00,0.8695420488605656
2004-02-12 00:00:00,0.8687980575439224
2004-02-12 12:00:00,0.8681089571326929
2004-02-13 00:00:00,0.8674104290448618
2004-02-13 12:00:00,0.8669909014703557
2004-02-14 00:00:00,0.866421979656393
2004-02-14 12:00:00,0.8658409681071743
2004-02-15 00:00:00,0.864948553174015
2004-02-15 12:00:00,0.8640255379868363
2004-02-16 00:00:00,0.8629394426792689
2004-02-16 12:00:00,0.8621735311403861
2004-02-17 00:00:00,0.8610887378077016
2004-02-17 12:00:00,0.8605397177498562
2004-02-18 00:00:00,0.8597827395681785
2004-02-18 12:00:00,0.8594675860735469
2004-02-19 00:00:00,0.8586237906761208
2004-02-19 12:00:00,0.892959100013649
2004-02-20 00:00:00,0.9138670234782549
2004-02-20 12:00:00,0.9110501314428586
2004-02-21 00:00:00,0.9077074315652023
2004-02-21 12:00:00,0.9071086802735864
2004-02-22 00:00:00,0.9136945842469193
2004-02-22 12:00:00,0.9188548856850496
2004-02-23 00:00:00,0.9319576871983812
2004-02-23 12:00:00,0.9330486065057625
2004-02-24 00:00:00,0.9231654690791726
2004-02-24 12:00:00,0.9252064832134966
2004-02-25 00:00:00,0.9209208902332902
2004-02-25 12:00:00,0.9162606124162332
2004-02-26 00:00:00,0.9192172743342257
2004-02-26 12:00:00,0.9229605381640633
2004-02-27 00:00:00,0.9524860975925191
2004-02-27 12:00:00,0.9426225974460976
2004-02-28 00:00:00,0.930954281626682
2004-02-28 12:00:00,0.9370830656257506
2004-02-29 00:00:00,0.927842617568746
2004-02-29 12:00:00,0.9238393785378952
2004-03-01 00:00:00,0.9183386774423821
2004-03-01 12:00:00,0.9154504504672787
2004-03-02 00:00:00,0.911855192198963
2004-03-02 12:00:00,0.9087029214672248
2004-03-03 00:00:00,0.906050963947502
2004-03-03 12:00:00,0.903800341155343
2004-03-04 00:00:00,0.9014356305299595
2004-03-04 12:00:00,0.8995805988035257
2004-03-05 00:00:00,0.8973650316649817
2004-03-05 12:00:00,0.8955599786567916
2004-03-06 00:00:00,0.893674937001746
2004-03-06 12:00:00,0.8928420050175102
2004-03-07 00:00:00,0.8913039479850862
2004-03-07 12:00:00,0.9317292367059954
2004-03-08 00:00:00,0.9300733750803086
2004-03-08 12:00:00,0.9226159863495588
2004-03-09 00:00:00,0.9169212232567142
2004-03-09 12:00:00,0.9126418166940359
2004-03-10 00:00:00,0.9091899683599927
2004-03-10 12:00:00,0.9066260765268072
2004-03-11 00:00:00,0.9060371973813507
2004-03-11 12:00:00,0.9098178823111602
2004-03-12 00:00:00,0.9090299752076442
2004-03-12 12:00:00,0.9060523934849384
2004-03-13 00:00:00,0.9032971960160939
2004-03-13 12:00:00,0.9010132607218874
2004-03-14 00:00:00,0.8983039493900183
2004-03-14 12:00:00,0.8961193221887422
2004-03-15 00:00:00,0.8935868284156696
2004-03-15 12:00:00,0.8914857221743356
2004-03-16 00:00:00,0.8891087965209366
2004-03-16 12:00:00,0.8871810703119052
2004-03-17 00:00:00,0.8849142946935026
2004-03-17 12:00:00,0.883229688242597
2004-03-18 00:00:00,0.8809315595190061
2004-03-18 12:00:00,0.8792593417428883
2004-03-19 00:00:00,0.8771156472377207
2004-03-19 12:00:00,0.8756948604845904
2004-03-20 00:00:00,0.8741252598163458
2004-03-20 12:00:00,0.8725581713254911
2004-03-21 00:00:00,0.8708900897615746
2004-03-21 12:00:00,0.8693440112451523
2004-03-22 00:00:00,0.8676616082044323
2004-03-22 12:00:00,0.8660414394818906
2004-03-23 00:00:00,0.8649125890338297
2004-03-23 12:00:00,0.8750829433747599
2004-03-24 00:00:00,0.8853488369097385
2004-03-24 12:00:00,0.8851515055894453
2004-03-25 00:00:00,0.8877142809854719
2004-03-25 12:00:00,0.8864812792642475
2004-03-26 00:00:00,0.8892358122994913
2004-03-26 12:00:00,0.8886288366655317
2004-03-27 00:00:00,0.8880516931881702
2004-03-27 12:00:00,0.8868817610549335
2004-03-28 00:00:00,0.885213237558454
2004-03-28 12:00:00,0.8838589855526915
2004-03-29 00:00:00,0.882176744897146
2004-03-29 12:00:00,0.8808703083133155
2004-03-30 00:00:00,0.8791688970654462
2004-03-30 12:00:00,0.8777317688283217
2004-03-31 00:00:00,0.8762833311514221
2004-03-31 12:00:00,0.879234831352506
2004-04-01 00:00:00,0.8793208914188446
2004-04-01 12:00:00,0.8774141527843741
2004-04-02 00:00:00,0.8748515875053802
2004-04-02 12:00:00,0.8727602293543416
2004-04-03 00:00:00,0.8700265930007939
2004-04-03 12:00:00,0.8678428241296577
2004-04-04 00:00:00,0.8653824859036093
2004-04-04 12:00:00,0.8633000463887041
2004-04-05 00:00:00,0.8608951121151313
2004-04-05 12:00:00,0.8589182474385697
2004-04-06 00:00:00,0.8566733916007414
2004-04-06 12:00:00,0.8545889731923954
2004-04-07 00:00:00,0.8524912092306931
2004-04-07 12:00:00,0.8526473914018994
2004-04-08 00:00:00,0.8508979975792376
2004-04-08 12:00:00,0.8494642088882379
2004-04-09 00:00:00,0.8474996242951851
2004-04-09 12:00:00,0.8467350890836516
2004-04-10 00:00:00,0.8503897844133934
2004-04-10 12:00:00,0.8487265982929353
2004-04-11 00:00:00,0.8467815775548012
2004-04-11 12:00:00,0.8451552665582409
2004-04-12 00:00:00,0.8429892040296036
2004-04-12 12:00:00,0.8528957112935557
2004-04-13 00:00:00,0.8635338258762699
2004-04-13 12:00:00,0.8669090635189091
2004-04-14 00:00:00,0.8661296560414213
2004-04-14 12:00:00,0.8644332892690886
2004-04-15 00:00:00,0.8625406000701624
2004-04-15 12:00:00,0.8610330091492443
2004-04-16 00:00:00,0.8625068691556269
2004-04-16 12:00:00,0.8650453854975113
2004-04-17 00:00:00,0.8883291083353166
2004-04-17 12:00:00,0.893640719593336
2004-04-18 00:00:00,0.9036132463767321
2004-04-18 12:00:00,0.9085556897635022
2004-04-19 00:00:00,0.9070011588966571
2004-04-19 12:00:00,0.9099130336205055
2004-04-20 00:00:00,0.9414025439370125
2004-04-20 12:00:00,0.9281000220966837
2004-04-21 00:00:00,0.9195373844472492
2004-04-21 12:00:00,0.9133763479454383
2004-04-22 00:00:00,0.9079648003257312
2004-04-22 12:00:00,0.9037867026938452
2004-04-23 00:00:00,0.8994107030039287
2004-04-23 12:00:00,0.8960545697337878
2004-04-24 00:00:00,0.8923310174445106
2004-04-24 12:00:00,0.8893592546429383
2004-04-25 00:00:00,0.9008298663258065
2004-04-25 12:00:00,0.9014286764705919
2004-04-26 00:00:00,0.8981458848573357
2004-04-26 12:00:00,0.8948703056004946
2004-04-27 00:00:00,0.8917094546293706
2004-04-27 12:00:00,0.8888234025132382
2004-04-28 00:00:00,0.8855062839086888
2004-04-28 12:00:00,0.882733711532351
2004-04-29 00:00:00,0.8797482634340639
2004-04-29 12:00:00,0.8772642988403037
2004-04-30 00:00:00,0.8769715896256096
2004-04-30 12:00:00,0.8795805258791215
2004-05-01 00:00:00,0.8781345626535632
2004-05-01 12:00:00,0.8753843084401989
2004-05-02 00:00:00,0.8746719737769553
2004-05-02 12:00:00,0.8724431069745212
2004-05-03 00:00:00,0.8694780168394061
2004-05-03 12:00:00,0.8668698898384122
2004-05-04 00:00:00,0.8718507465839418
2004-05-04 12:00:00,0.8872561277479225
2004-05-05 00:00:00,0.8948126751925225
2004-05-05 12:00:00,0.9320975577606118
2004-05-06 00:00:00,0.9322153285571101
2004-05-06 12:00:00,0.9237062462729665
2004-05-07 00:00:00,0.9239898239801801
2004-05-07 12:00:00,0.9167239377852274
2004-05-08 00:00:00,0.9190771335025715
2004-05-08 12:00:00,0.9154847327692557
2004-05-09 00:00:00,0.9120708626954466
2004-05-09 12:00:00,0.907501309443021
2004-05-10 00:00:00,0.9032507059585784
2004-05-10 12:00:00,0.8998352657010898
2004-05-11 00:00:00,0.895994745902102
2004-05-11 12:00:00,0.892793107849126
2004-05-12 00:00:00,0.8891949428967734
2004-05-12 12:00:00,0.8876099122610339
2004-05-13 00:00:00,0.9034798823063188
2004-05-13 12:00:00,0.9010568931921694
2004-05-14 00:00:00,0.8970241601635717
2004-05-14 12:00:00,0.8933679120390676
2004-05-15 00:00:00,0.8896090591524692
2004-05-15 12:00:00,0.88650051476097
2004-05-16 00:00:00,0.8831568178672898
2004-05-16 12:00:00,0.8803100444737811
2004-05-17 00:00:00,0.8768663011988057
2004-05-17 12:00:00,0.873998184959206
2004-05-18 00:00:00,0.8710907568950154
2004-05-18 12:00:00,0.8682498152375028
2004-05-19 00:00:00,0.8650117956658085
2004-05-19 12:00:00,0.8622417667878252
2004-05-20 00:00:00,0.8587838676806193
2004-05-20 12:00:00,0.8560500527581008
2004-05-21 00:00:00,0.8526435011121499
2004-05-21 12:00:00,0.8498698589319772
2004-05-22 00:00:00,0.8467560462423548
2004-05-22 12:00:00,0.8443603751400706
2004-05-23 00:00:00,0.8413943617139038
2004-05-23 12:00:00,0.8448330393109076
2004-05-24 00:00:00,0.848511510330844
2004-05-24 12:00:00,0.8459674192487396
2004-05-25 00:00:00,0.8433745688141577
2004-05-25 12:00:00,0.8411594794233096
2004-05-26 00:00:00,0.8382115047581569
2004-05-26 12:00:00,0.8357408572498309
2004-05-27 00:00:00,0.8325097556287528
2004-05-27 12:00:00,0.8299679068688517
2004-05-28 00:00:00,0.8269622119789615
2004-05-28 12:00:00,0.8243394189623048
2004-05-29 00:00:00,0.8293927924107041
2004-05-29 12:00:00,0.8271602043313835
2004-05-30 00:00:00,0.8246265003102654
2004-05-30 12:00:00,0.8220559756385041
2004-05-31 00:00:00,0.8190685324584501
2004-05-31 12:00:00,0.8164041088682888
2004-06-01 00:00:00,0.8182480827155734
2004-06-01 12:00:00,0.8348738642047334
2004-06-02 00:00:00,0.8726184338030798
2004-06-02 12:00:00,0.8701350930302008
2004-06-03 00:00:00,0.8754220366096668
2004-06-03 12:00:00,0.8952655608496662
2004-06-04 00:00:00,0.8911070173407118
2004-06-04 12:00:00,0.8873979715854432
2004-06-05 00:00:00,0.8836659628536917
2004-06-05 12:00:00,0.880226015216645
2004-06-06 00:00:00,0.8763767353554918
2004-06-06 12:00:00,0.8822107988240823
2004-06-07 00:00:00,0.8786782107994238
2004-06-07 12:00:00,0.8752173856101253
2004-06-08 00:00:00,0.8712621653305809
2004-06-08 12:00:00,0.8677466519661262
2004-06-09 00:00:00,0.8635977881434705
2004-06-09 12:00:00,0.8598842327444259
2004-06-10 00:00:00,0.8554673446301717
2004-06-10 12:00:00,0.8517795841148665
2004-06-11 00:00:00,0.8473974533230763
2004-06-11 12:00:00,0.8437348729627876
2004-06-12 00:00:00,0.8396563338457245
2004-06-12 12:00:00,0.8363149271586586
2004-06-13 00:00:00,0.8324560197389603
2004-06-13 12:00:00,0.8294213641211492
2004-06-14 00:00:00,0.8263327178191486
2004-06-14 12:00:00,0.8300613382159453
2004-06-15 00:00:00,0.8276176132369366
2004-06-15 12:00:00,0.8245296871695597
2004-06-16 00:00:00,0.8210639918352128
2004-06-16 12:00:00,0.8180166597583077
2004-06-17 00:00:00,0.8143122493207694
2004-06-17 12:00:00,0.8111110601305718
2004-06-18 00:00:00,0.8075724341378632
2004-06-18 12:00:00,0.80434742608069
2004-06-19 00:00:00,0.8004542941123918
2004-06-19 12:00:00,0.7971466877220607
2004-06-20 00:00:00,0.7934243007450272
2004-06-20 12:00:00,0.7919663406071714
2004-06-21 00:00:00,0.8103470244358679
2004-06-21 12:00:00,0.8074698976962635
2004-06-22 00:00:00,0.8041741880187024
2004-06-22 12:00:00,0.8012638632459931
2004-06-23 00:00:00,0.7976384341304918
2004-06-23 12:00:00,0.79453821423118
2004-06-24 00:00:00,0.7908771996168314
2004-06-24 12:00:00,0.7876453060788073
2004-06-25 00:00:00,0.7839114841839241
2004-06-25 12:00:00,0.7805942696588275
2004-06-26 00:00:00,0.7768432854761256
2004-06-26 12:00:00,0.7737745602791148
2004-06-27 00:00:00,0.7698584302272189
2004-06-27 12:00:00,0.7664508154650106
2004-06-28 00:00:00,0.7623545300404385
2004-06-28 12:00:00,0.7588835624196887
2004-06-29 00:00:00,0.7548277457607563
2004-06-29 12:00:00,0.7514260310055623
2004-06-30 00:00:00,0.7473589071552443
2004-06-30 12:00:00,0.7439408858100127
2004-07-01 00:00:00,0.7402259383279207
2004-07-01 12:00:00,0.7369845648077318
2004-07-02 00:00:00,0.7333041974654956
2004-07-02 12:00:00,0.730113231106928
2004-07-03 00:00:00,0.7265462338319774
2004-07-03 12:00:00,0.7236448082564946
2004-07-04 00:00:00,0.720122471627876
2004-07-04 12:00:00,0.7172179951585972
2004-07-05 00:00:00,0.713716222939917
2004-07-05 12:00:00,0.7108646898099064
2004-07-06 00:00:00,0.7072108283486334
2004-07-06 12:00:00,0.7043720650025057
2004-07-07 00:00:00,0.7006363337634094
2004-07-07 12:00:00,0.6976346298339862
2004-07-08 00:00:00,0.6939615374032788
2004-07-08 12:00:00,0.691015226089746
2004-07-09 00:00:00,0.6874829151532121
2004-07-09 12:00:00,0.6850801622373595
2004-07-10 00:00:00,0.6833708080852875
2004-07-10 12:00:00,0.680796301805369
2004-07-11 00:00:00,0.6778643397751879
2004-07-11 12:00:00,0.6753887009500554
2004-07-12 00:00:00,0.6725405839366405
2004-07-12 12:00:00,0.6703615027212533
2004-07-13 00:00:00,0.6787043165063082
2004-07-13 12:00:00,0.6765180622331303
2004-07-14 00:00:00,0.674021202923824
2004-07-14 12:00:00,0.6715696898534013
2004-07-15 00:00:00,0.6688338664737595
2004-07-15 12:00:00,0.6663779493410389
2004-07-16 00:00:00,0.6632778548330593
2004-07-16 12:00:00,0.6607150062164563
2004-07-17 00:00:00,0.6574665003009373
2004-07-17 12:00:00,0.6548188254903334
2004-07-18 00:00:00,0.6516331231869209
2004-07-18 12:00:00,0.6490426221810661
2004-07-19 00:00:00,0.6458914856076178
2004-07-19 12:00:00,0.6432570345696341
2004-07-20 00:00:00,0.6399850972504921
2004-07-20 12:00:00,0.6373006195729428
2004-07-21 00:00:00,0.6341021948175234
2004-07-21 12:00:00,0.6314234418330453
2004-07-22 00:00:00,0.6281519823269428
2004-07-22 12:00:00,0.6254048844553414
2004-07-23 00:00:00,0.6219156507973531
2004-07-23 12:00:00,0.6207245757582852
2004-07-24 00:00:00,0.6172915582172018
2004-07-24 12:00:00,0.6144567027576731
2004-07-25 00:00:00,0.6111810284283111
2004-07-25 12:00:00,0.6085393811127109
2004-07-26 00:00:00,0.6061446221478926
2004-07-26 12:00:00,0.6034590768386806
2004-07-27 00:00:00,0.6006734808955946
2004-07-27 12:00:00,0.5983940762025302
2004-07-28 00:00:00,0.5958550038081574
2004-07-28 12:00:00,0.5935493493167783
2004-07-29 00:00:00,0.5910064425470737
2004-07-29 12:00:00,0.5888251892668903
2004-07-30 00:00:00,0.5859968356475019
2004-07-30 12:00:00,0.5835957460439639
2004-07-31 00:00:00,0.5809564472610348
2004-07-31 12:00:00,0.5784880993722054
2004-08-01 00:00:00,0.5754329439443713
2004-08-01 12:00:00,0.572965908795242
2004-08-02 00:00:00,0.5701119672995746
2004-08-02 12:00:00,0.5678122227243125
2004-08-03 00:00:00,0.5650754946628826
2004-08-03 12:00:00,0.5627906342254284
2004-08-04 00:00:00,0.56008623986646
2004-08-04 12:00:00,0.5602719162057783
2004-08-05 00:00:00,0.6123792908474328
2004-08-05 12:00:00,0.6103821356966153
2004-08-06 00:00:00,0.6289382308055653
2004-08-06 12:00:00,0.6268161545870423
2004-08-07 00:00:00,0.6347048843932646
2004-08-07 12:00:00,0.6323953999711559
2004-08-08 00:00:00,0.6295433518018669
2004-08-08 12:00:00,0.6272445982678783
2004-08-09 00:00:00,0.6265429293116405
2004-08-09 12:00:00,0.6242509717575652
2004-08-10 00:00:00,0.6214615764369515
2004-08-10 12:00:00,0.6189038238299253
2004-08-11 00:00:00,0.6158791512297492
2004-08-11 12:00:00,0.6133128666150054
2004-08-12 00:00:00,0.6277120440937078
2004-08-12 12:00:00,0.6251798334546057
2004-08-13 00:00:00,0.6221267442913008
2004-08-13 12:00:00,0.6194894832321968
2004-08-14 00:00:00,0.6166344990439023
2004-08-14 12:00:00,0.6143186163009894
2004-08-15 00:00:00,0.6117875535869821
2004-08-15 12:00:00,0.6095555160826842
2004-08-16 00:00:00,0.6068424171194731
2004-08-16 12:00:00,0.6045786533263998
2004-08-17 00:00:00,0.601746195135684
2004-08-17 12:00:00,0.5993797106037693
2004-08-18 00:00:00,0.5966202882181183
2004-08-18 12:00:00,0.5942286997512461
2004-08-19 00:00:00,0.5914075512680228
2004-08-19 12:00:00,0.5889717171257515
2004-08-20 00:00:00,0.5861234425722319
2004-08-20 12:00:00,0.5836077609669952
2004-08-21 00:00:00,0.5806994123207904
2004-08-21 12:00:00,0.5782723700756842
2004-08-22 00:00:00,0.5758530365228903
2004-08-22 12:00:00,0.5737898455776209
2004-08-23 00:00:00,0.5712345567670956
2004-08-23 12:00:00,0.5691318360940405
2004-08-24 00:00:00,0.5664832480609467
2004-08-24 12:00:00,0.5643673132443012
2004-08-25 00:00:00,0.5617819843295275
2004-08-25 12:00:00,0.5596727900389306
2004-08-26 00:00:00,0.5570699138073065
2004-08-26 12:00:00,0.555224422472704
2004-08-27 00:00:00,0.5549257218805524
2004-08-27 12:00:00,0.5531975843954332
2004-08-28 00:00:00,0.5507719509086189
2004-08-28 12:00:00,0.5488165307287295
2004-08-29 00:00:00,0.5463708055852278
2004-08-29 12:00:00,0.5443632265946349
2004-08-30 00:00:00,0.5419317769275575
2004-08-30 12:00:00,0.5399786984491022
2004-08-31 00:00:00,0.5392007079093314
2004-08-31 12:00:00,0.5373956954369187
2004-09-01 00:00:00,0.5365733422137554
2004-09-01 12:00:00,0.534806305259065
2004-09-02 00:00:00,0.5329264693434985
2004-09-02 12:00:00,0.531164813904122
2004-09-03 00:00:00,0.529001629941758
2004-09-03 12:00:00,0.5271544978006297
2004-09-04 00:00:00,0.5248286254090513
2004-09-04 12:00:00,0.522941912249548
2004-09-05 00:00:00,0.5206346297996803
2004-09-05 12:00:00,0.51869849128555
2004-09-06 00:00:00,0.5166721378895298
2004-09-06 12:00:00,0.514888344489468
2004-09-07 00:00:00,0.5129842521536744
2004-09-07 12:00:00,0.5113158925682406
2004-09-08 00:00:00,0.5093860257632906
2004-09-08 12:00:00,0.5078370919512278
2004-09-09 00:00:00,0.5059659055130388
2004-09-09 12:00:00,0.5043845125120398
2004-09-10 00:00:00,0.5024412204665528
2004-09-10 12:00:00,0.5008587259887142
2004-09-11 00:00:00,0.4990427392160308
2004-09-11 12:00:00,0.4975776155085057
2004-09-12 00:00:00,0.4956505044476361
2004-09-12 12:00:00,0.49520170765876453
2004-09-13 00:00:00,0.4934173124790724
2004-09-13 12:00:00,0.49182417103432186
2004-09-14 00:00:00,0.501449694145966
2004-09-14 12:00:00,0.4999052737295947
2004-09-15 00:00:00,0.5008064805762626
2004-09-15 12:00:00,0.5146979259277781
2004-09-16 00:00:00,0.5297292837574115
2004-09-16 12:00:00,0.5525275802250946
2004-09-17 00:00:00,0.5520821583828814
2004-09-17 12:00:00,0.5548827346929176
2004-09-18 00:00:00,0.5531652760229673
2004-09-18 12:00:00,0.5514103081106548
2004-09-19 00:00:00,0.5496015194032386
2004-09-19 12:00:00,0.5480883292472469
2004-09-20 00:00:00,0.546181623347562
2004-09-20 12:00:00,0.5445683025416393
2004-09-21 00:00:00,0.542637197999423
2004-09-21 12:00:00,0.5410548146279419
2004-09-22 00:00:00,0.5391161435115243
2004-09-22 12:00:00,0.5374985927586465
2004-09-23 00:00:00,0.5355943682613359
2004-09-23 12:00:00,0.5340788924028961
2004-09-24 00:00:00,0.5322768303460702
2004-09-24 12:00:00,0.5306744266416075
2004-09-25 00:00:00,0.5415850402064294
2004-09-25 12:00:00,0.5405640094900126
2004-09-26 00:00:00,0.539246072773443
2004-09-26 12:00:00,0.5380794846400783
2004-09-27 00:00:00,0.5366594875792242
2004-09-27 12:00:00,0.5352983553691546
2004-09-28 00:00:00,0.5339481829163846
2004-09-28 12:00:00,0.5327506737962376
2004-09-29 00:00:00,0.5313127430335308
2004-09-29 12:00:00,0.5301113019310174
2004-09-30 00:00:00,0.5284907296172267
2004-09-30 12:00:00,0.5272470221133844
2004-10-01 00:00:00,0.5256770676933376
2004-10-01 12:00:00,0.5243523865246951
2004-10-02 00:00:00,0.5228909932462422
2004-10-02 12:00:00,0.5216173581366765
2004-10-03 00:00:00,0.520145702321499
2004-10-03 12:00:00,0.5188990295029337
2004-10-04 00:00:00,0.517432613920387
2004-10-04 12:00:00,0.5163035941184817
2004-10-05 00:00:00,0.5148874340223565
2004-10-05 12:00:00,0.5137230111280414
2004-10-06 00:00:00,0.5122493384584952
2004-10-06 12:00:00,0.5110274474766303
2004-10-07 00:00:00,0.5095450457674724
2004-10-07 12:00:00,0.5085092625537072
2004-10-08 00:00:00,0.5070434133877162
2004-10-08 12:00:00,0.5059689277818773
2004-10-09 00:00:00,0.5045529890391987
2004-10-09 12:00:00,0.5031916095428068
2004-10-10 00:00:00,0.5016250331983849
2004-10-10 12:00:00,0.5034043571627267
2004-10-11 00:00:00,0.5126341423410293
2004-10-11 12:00:00,0.5275084924040974
2004-10-12 00:00:00,0.5354527416328441
2004-10-12 12:00:00,0.5343012263423645
2004-10-13 00:00:00,0.5331225541926549
2004-10-13 12:00:00,0.5323572644960874
2004-10-14 00:00:00,0.5344481494551595
2004-10-14 12:00:00,0.5346026843902857
2004-10-15 00:00:00,0.5629614257103598
2004-10-15 12:00:00,0.5682638070582321
2004-10-16 00:00:00,0.57884028150053
2004-10-16 12:00:00,0.6129340461676283
2004-10-17 00:00:00,0.6682449843679312
2004-10-17 12:00:00,0.6726685965519639
2004-10-18 00:00:00,0.6712577666115599
2004-10-18 12:00:00,0.6700614108489242
2004-10-19 00:00:00,0.6684972179218706
2004-10-19 12:00:00,0.687489939297784
2004-10-20 00:00:00,0.686060441251006
2004-10-20 12:00:00,0.6843529975494401
2004-10-21 00:00:00,0.6823951914830131
2004-10-21 12:00:00,0.6805383586862157
2004-10-22 00:00:00,0.678870059151628
2004-10-22 12:00:00,0.6774537267160757
2004-10-23 00:00:00,0.6755712679504393
2004-10-23 12:00:00,0.6741352177724858
2004-10-24 00:00:00,0.6724157606031389
2004-10-24 12:00:00,0.6713923601981978
2004-10-25 00:00:00,0.6698500507728227
2004-10-25 12:00:00,0.6686053279082604
2004-10-26 00:00:00,0.6672433856893699
2004-10-26 12:00:00,0.6658852763745102
2004-10-27 00:00:00,0.6703854558916701
2004-10-27 12:00:00,0.67444489954352
2004-10-28 00:00:00,0.6774676338554028
2004-10-28 12:00:00,0.6760432237435927
2004-10-29 00:00:00,0.6808597073175318
2004-10-29 12:00:00,0.6936491570880213
2004-10-30 00:00:00,0.7500517235715178
2004-10-30 12:00:00,0.7501172324315412
2004-10-31 00:00:00,0.7505090566312085
2004-10-31 12:00:00,0.7539112506539161
2004-11-01 00:00:00,0.7519769524340942
2004-11-01 12:00:00,0.7506108122609817
2004-11-02 00:00:00,0.7489675730807268
2004-11-02 12:00:00,0.7476812430524973
2004-11-03 00:00:00,0.7461432787928571
2004-11-03 12:00:00,0.7448841814756656
2004-11-04 00:00:00,0.7433686724463121
2004-11-04 12:00:00,0.7422542384773968
2004-11-05 00:00:00,0.7407423843671769
2004-11-05 12:00:00,0.7396892550212562
2004-11-06 00:00:00,0.7383278295657425
2004-11-06 12:00:00,0.7375530042703494
2004-11-07 00:00:00,0.755518104375451
2004-11-07 12:00:00,0.7585905029200509
2004-11-08 00:00:00,0.7579872474966538
2004-11-08 12:00:00,0.7572913405792904
2004-11-09 00:00:00,0.7566800221100475
2004-11-09 12:00:00,0.7565019619305218
2004-11-10 00:00:00,0.7758792620668058
2004-11-10 12:00:00,0.8050649583584237
2004-11-11 00:00:00,0.8120249276536916
2004-11-11 12:00:00,0.8299308856285055
2004-11-12 00:00:00,0.8326829917761284
2004-11-12 12:00:00,0.8316042916727037
2004-11-13 00:00:00,0.8303321134900917
2004-11-13 12:00:00,0.8290718887199784
2004-11-14 00:00:00,0.8278062703012408
2004-11-14 12:00:00,0.8275599028869542
2004-11-15 00:00:00,0.8281065897794151
2004-11-15 12:00:00,0.827281088031498
2004-11-16 00:00:00,0.8264414030792526
2004-11-16 12:00:00,0.825598474630383
2004-11-17 00:00:00,0.8248060601881454
2004-11-17 12:00:00,0.8242315336670544
2004-11-18 00:00:00,0.8233773403741058
2004-11-18 12:00:00,0.8228928272125098
2004-11-19 00:00:00,0.8217516542550932
2004-11-19 12:00:00,0.8207260987476773
2004-11-20 00:00:00,0.8230541238909895
2004-11-20 12:00:00,0.8223029978199924
2004-11-21 00:00:00,0.8218465598392453
2004-11-21 12:00:00,0.8216704421762425
2004-11-22 00:00:00,0.8212842904719387
2004-11-22 12:00:00,0.8211860924569503
2004-11-23 00:00:00,0.8207220650511587
2004-11-23 12:00:00,0.8198451865025648
2004-11-24 00:00:00,0.8191400320217241
2004-11-24 12:00:00,0.8186973303077343
2004-11-25 00:00:00,0.8178240063394053
2004-11-25 12:00:00,0.8174392131032426
2004-11-26 00:00:00,0.8166529474087767
2004-11-26 12:00:00,0.8170002334206713
2004-11-27 00:00:00,0.8160539244453004
2004-11-27 12:00:00,0.8176566528306382
2004-11-28 00:00:00,0.8169922858824807
2004-11-28 12:00:00,0.816281801513769
2004-11-29 00:00:00,0.8156974966271288
2004-11-29 12:00:00,0.815157931653525
2004-11-30 00:00:00,0.8173084710125788
2004-11-30 12:00:00,0.8505147962983329
2004-12-01 00:00:00,0.8516853101634422
2004-12-01 12:00:00,0.853662677572533
2004-12-02 00:00:00,0.8717748696023826
2004-12-02 12:00:00,0.871475593752964
2004-12-03 00:00:00,0.8703569906723854
2004-12-03 12:00:00,0.8880781400850123
2004-12-04 00:00:00,0.8870337039417142
2004-12-04 12:00:00,0.8965477011901933
2004-12-05 00:00:00,0.9306580076539497
2004-12-05 12:00:00,0.9497206656073177
2004-12-06 00:00:00,0.9383000356435843
2004-12-06 12:00:00,0.9270072410606711
2004-12-07 00:00:00,0.91989542721607
2004-12-07 12:00:00,0.9149986775813542
2004-12-08 00:00:00,0.9111724587943791
2004-12-08 12:00:00,0.9079335057337182
2004-12-09 00:00:00,0.9108775759029308
2004-12-09 12:00:00,0.9130442156916342
2004-12-10 00:00:00,0.9107581261642397
2004-12-10 12:00:00,0.90751530703053
2004-12-11 00:00:00,0.9047617531061545
2004-12-11 12:00:00,0.9026436661250942
2004-12-12 00:00:00,0.9005574825576671
2004-12-12 12:00:00,0.8989958100147254
2004-12-13 00:00:00,0.8971863247908501
2004-12-13 12:00:00,0.8958309318997635
2004-12-14 00:00:00,0.8942635875771241
2004-12-14 12:00:00,0.893461622748624
2004-12-15 00:00:00,0.8922036863163603
2004-12-15 12:00:00,0.8918666856919493
2004-12-16 00:00:00,0.8907864057222701
2004-12-16 12:00:00,0.8899645529217519
2004-12-17 00:00:00,0.9056144654008133
2004-12-17 12:00:00,0.9045342157257468
2004-12-18 00:00:00,0.9078587065458606
2004-12-18 12:00:00,0.9354066943438437
2004-12-19 00:00:00,0.9251433402872186
2004-12-19 12:00:00,0.9191850695158182
2004-12-20 00:00:00,0.936738358724327
2004-12-20 12:00:00,0.9268542115824873
2004-12-21 00:00:00,0.9200938290999184
2004-12-21 12:00:00,0.9155596626196795
2004-12-22 00:00:00,0.9120262831494118
2004-12-22 12:00:00,0.9090536757308927
2004-12-23 00:00:00,0.9066190598073228
2004-12-23 12:00:00,0.9046256062859175
2004-12-24 00:00:00,0.9027118172821345
2004-12-24 12:00:00,0.9010447745572762
2004-12-25 00:00:00,0.9005767579195497
2004-12-25 12:00:00,0.9020693408417347
2004-12-26 00:00:00,0.9202508932257305
2004-12-26 12:00:00,0.9453575400114274
2004-12-27 00:00:00,0.9355299226992128
2004-12-27 12:00:00,0.9350925312167028
2004-12-28 00:00:00,0.9261276149702959
2004-12-28 12:00:00,0.9221716498085908
2004-12-29 00:00:00,0.9167481300034512
2004-12-29 12:00:00,0.9128441280748689
2004-12-30 00:00:00,0.912328125769
2004-12-30 12:00:00,0.9090338238249197
2004-12-31 00:00:00,0.9062851348057543
2004-12-31 12:00:00,0.9039453911898606
2005-01-01 00:00:00,0.9019939906302329
2005-01-01 12:00:00,0.9004033015636438
2005-01-02 00:00:00,0.898760905385489
2005-01-02 12:00:00,0.897516739908374
2005-01-03 00:00:00,0.8960887368710586
2005-01-03 12:00:00,0.894796917917631
2005-01-04 00:00:00,0.8933349914925605
2005-01-04 12:00:00,0.8923873616579652
2005-01-05 00:00:00,0.8909699518603743
2005-01-05 12:00:00,0.8896826442552453
2005-01-06 00:00:00,0.8883981373848163
2005-01-06 12:00:00,0.8873717574917439
2005-01-07 00:00:00,0.8863486699107967
2005-01-07 12:00:00,0.8858226785541686
2005-01-08 00:00:00,0.8849108879825787
2005-01-08 12:00:00,0.8845391924956019
2005-01-09 00:00:00,0.88348529668732
2005-01-09 12:00:00,0.8825002590066404
2005-01-10 00:00:00,0.8813117330836684
2005-01-10 12:00:00,0.8803800182836883
2005-01-11 00:00:00,0.8792215454295376
2005-01-11 12:00:00,0.8782235669306141
2005-01-12 00:00:00,0.8771331418734417
2005-01-12 12:00:00,0.8761747972664452
2005-01-13 00:00:00,0.8751212808848146
2005-01-13 12:00:00,0.8747730263642868
2005-01-14 00:00:00,0.8739269597129167
2005-01-14 12:00:00,0.8733393777421041
2005-01-15 00:00:00,0.8727277554687836
2005-01-15 12:00:00,0.8730018129384864
2005-01-16 00:00:00,0.8722872167536608
2005-01-16 12:00:00,0.871672743971419
2005-01-17 00:00:00,0.871127271618151
2005-01-17 12:00:00,0.8707803613474937
2005-01-18 00:00:00,0.8702593578338538
2005-01-18 12:00:00,0.8700207175443935
2005-01-19 00:00:00,0.8823156279874346
2005-01-19 12:00:00,0.8963411791783912
2005-01-20 00:00:00,0.8951648525672801
2005-01-20 12:00:00,0.8997205714228604
2005-01-21 00:00:00,0.8979501705884962
2005-01-21 12:00:00,0.8966293169349647
2005-01-22 00:00:00,0.8949049307726451
2005-01-22 12:00:00,0.8937835856444803
2005-01-23 00:00:00,0.8922056451661683
2005-01-23 12:00:00,0.8913887385810457
2005-01-24 00:00:00,0.8908049138998324
2005-01-24 12:00:00,0.8982928927958378
2005-01-25 00:00:00,0.8988227065272554
2005-01-25 12:00:00,0.8978964184431711
2005-01-26 00:00:00,0.8968999153466068
2005-01-26 12:00:00,0.8964209409774477
2005-01-27 00:00:00,0.8959355063567687
2005-01-27 12:00:00,0.8950208719650325
2005-01-28 00:00:00,0.8940194650399251
2005-01-28 12:00:00,0.8936955956142569
2005-01-29 00:00:00,0.8931038186038004
2005-01-29 12:00:00,0.8936686284212193
2005-01-30 00:00:00,0.8928636432442023
2005-01-30 12:00:00,0.8925600550137242
2005-01-31 00:00:00,0.8917881695381616
2005-01-31 12:00:00,0.8945385581900478
2005-02-01 00:00:00,0.8955933728496714
2005-02-01 12:00:00,0.8947567988012799
2005-02-02 00:00:00,0.8944967571734986
2005-02-02 12:00:00,0.8982997623784783
2005-02-03 00:00:00,0.8967727031344558
2005-02-03 12:00:00,0.8956769088673074
2005-02-04 00:00:00,0.8942083253530939
2005-02-04 12:00:00,0.893002626805073
2005-02-05 00:00:00,0.8917944766510099
2005-02-05 12:00:00,0.8908991670815543
2005-02-06 00:00:00,0.8899035863826179
2005-02-06 12:00:00,0.8891103386938459
2005-02-07 00:00:00,0.8881248483450077
2005-02-07 12:00:00,0.8873923581495564
2005-02-08 00:00:00,0.8864167189378886
2005-02-08 12:00:00,0.885714913283875
2005-02-09 00:00:00,0.8847846736671682
2005-02-09 12:00:00,0.8841766768109016
2005-02-10 00:00:00,0.8831973368896219
2005-02-10 12:00:00,0.8825847259109865
2005-02-11 00:00:00,0.8816622140850672
2005-02-11 12:00:00,0.8811409355606268
2005-02-12 00:00:00,0.880111445831317
2005-02-12 12:00:00,0.8793903095986727
2005-02-13 00:00:00,0.8783336656000269
2005-02-13 12:00:00,0.877757832567341
2005-02-14 00:00:00,0.8808716033949407
2005-02-14 12:00:00,0.8803138699005163
2005-02-15 00:00:00,0.879257669700333
2005-02-15 12:00:00,0.8784167454001109
2005-02-16 00:00:00,0.8775839557734677
2005-02-16 12:00:00,0.8769454564085671
2005-02-17 00:00:00,0.8762748658974808
2005-02-17 12:00:00,0.8755276797837469
2005-02-18 00:00:00,0.8747544828433998
2005-02-18 12:00:00,0.8739970998423339
2005-02-19 00:00:00,0.8733061214184323
2005-02-19 12:00:00,0.8729532004424263
2005-02-20 00:00:00,0.8720492810317072
2005-02-20 12:00:00,0.8717567385552473
2005-02-21 00:00:00,0.8756573277300758
2005-02-21 12:00:00,0.8788273739295628
2005-02-22 00:00:00,0.886007110196042
2005-02-22 12:00:00,0.8935123571811523
2005-02-23 00:00:00,0.8995093245070086
2005-02-23 12:00:00,0.904627347425765
2005-02-24 00:00:00,0.9044983609147249
2005-02-24 12:00:00,0.9207320797449131
2005-02-25 00:00:00,0.9246262521246323
2005-02-25 12:00:00,0.9229680822742724
2005-02-26 00:00:00,0.9174502160933791
2005-02-26 12:00:00,0.9135202482782823
2005-02-27 00:00:00,0.9102696944810127
2005-02-27 12:00:00,0.9097686927091604
2005-02-28 00:00:00,0.907162666772487
2005-02-28 12:00:00,0.9051987059489197
2005-03-01 00:00:00,0.9033107216418756
2005-03-01 12:00:00,0.9017322357697877
2005-03-02 00:00:00,0.9002344102561686
2005-03-02 12:00:00,0.8988083916277596
2005-03-03 00:00:00,0.8973073937495938
2005-03-03 12:00:00,0.8963928841870693
2005-03-04 00:00:00,0.9075334562616121
2005-03-04 12:00:00,0.9153316979695216
2005-03-05 00:00:00,0.9139606285502508
2005-03-05 12:00:00,0.9104268034848902
2005-03-06 00:00:00,0.9096332132921187
2005-03-06 12:00:00,0.9138700542852366
2005-03-07 00:00:00,0.9102658620191189
2005-03-07 12:00:00,0.9073574564685547
2005-03-08 00:00:00,0.904976439727075
2005-03-08 12:00:00,0.9030426425748788
2005-03-09 00:00:00,0.9009043658675346
2005-03-09 12:00:00,0.8997583130512423
2005-03-10 00:00:00,0.8978189037472831
2005-03-10 12:00:00,0.896142110163998
2005-03-11 00:00:00,0.8941667160452567
2005-03-11 12:00:00,0.8929854059190487
2005-03-12 00:00:00,0.891145397716281
2005-03-12 12:00:00,0.8904445281093001
2005-03-13 00:00:00,0.8885378408971492
2005-03-13 12:00:00,0.8868831565415699
2005-03-14 00:00:00,0.8852171949443491
2005-03-14 12:00:00,0.8839763305097044
2005-03-15 00:00:00,0.8823917639548611
2005-03-15 12:00:00,0.8811794428553084
2005-03-16 00:00:00,0.8795112373941361
2005-03-16 12:00:00,0.8781775371815739
2005-03-17 00:00:00,0.876255380052879
2005-03-17 12:00:00,0.874925272167763
2005-03-18 00:00:00,0.8728716197889197
2005-03-18 12:00:00,0.8716008230714607
2005-03-19 00:00:00,0.8696523503754263
2005-03-19 12:00:00,0.8685090738204139
2005-03-20 00:00:00,0.8667666930172896
2005-03-20 12:00:00,0.8656339856263883
2005-03-21 00:00:00,0.8639549360937395
2005-03-21 12:00:00,0.8628440426215537
2005-03-22 00:00:00,0.8611826475842219
2005-03-22 12:00:00,0.8600826636251468
2005-03-23 00:00:00,0.8583171610379807
2005-03-23 12:00:00,0.8568369931258267
2005-03-24 00:00:00,0.8551510865534127
2005-03-24 12:00:00,0.8538420303894516
2005-03-25 00:00:00,0.8562861347115235
2005-03-25 12:00:00,0.8684545268644999
2005-03-26 00:00:00,0.8667044102977934
2005-03-26 12:00:00,0.8656042531310046
2005-03-27 00:00:00,0.8639447782065118
2005-03-27 12:00:00,0.8671457333181698
2005-03-28 00:00:00,0.8819307966084886
2005-03-28 12:00:00,0.8805130276377701
2005-03-29 00:00:00,0.8790811101714893
2005-03-29 12:00:00,0.8778640513028717
2005-03-30 00:00:00,0.8760251594182741
2005-03-30 12:00:00,0.8746589808080127
2005-03-31 00:00:00,0.8750895929867034
2005-03-31 12:00:00,0.8735260378493115
2005-04-01 00:00:00,0.8716282750340963
2005-04-01 12:00:00,0.8695031009359844
2005-04-02 00:00:00,0.8673309156318515
2005-04-02 12:00:00,0.8655291034993842
2005-04-03 00:00:00,0.8634519381748315
2005-04-03 12:00:00,0.8619249558049172
2005-04-04 00:00:00,0.8598051996847719
2005-04-04 12:00:00,0.8582425847373103
2005-04-05 00:00:00,0.8559583259674598
2005-04-05 12:00:00,0.8542555184132496
2005-04-06 00:00:00,0.8518737137701976
2005-04-06 12:00:00,0.8501190437062145
2005-04-07 00:00:00,0.8476734654612181
2005-04-07 12:00:00,0.8459846751413099
2005-04-08 00:00:00,0.843685778410037
2005-04-08 12:00:00,0.8418706242045729
2005-04-09 00:00:00,0.839720045699975
2005-04-09 12:00:00,0.8402757341247087
2005-04-10 00:00:00,0.8502291632760444
2005-04-10 12:00:00,0.8664740783698314
2005-04-11 00:00:00,0.8749973021914798
2005-04-11 12:00:00,0.8820428549593511
2005-04-12 00:00:00,0.9140616028054488
2005-04-12 12:00:00,0.9092721574664208
2005-04-13 00:00:00,0.90513538285864
2005-04-13 12:00:00,0.901689078298077
2005-04-14 00:00:00,0.8980146428063379
2005-04-14 12:00:00,0.8951442248666464
2005-04-15 00:00:00,0.8919108900537468
2005-04-15 12:00:00,0.8894114464611965
2005-04-16 00:00:00,0.8863814942462561
2005-04-16 12:00:00,0.9124321961057863
2005-04-17 00:00:00,0.9230509800279818
2005-04-17 12:00:00,0.9294180850593426
2005-04-18 00:00:00,0.9249810456085517
2005-04-18 12:00:00,0.9178637562486552
2005-04-19 00:00:00,0.9120820006303559
2005-04-19 12:00:00,0.9083146007105484
2005-04-20 00:00:00,0.9270431319241144
2005-04-20 12:00:00,0.9217120797299314
2005-04-21 00:00:00,0.9168579768718016
2005-04-21 12:00:00,0.912564501095389
2005-04-22 00:00:00,0.9083162523394503
2005-04-22 12:00:00,0.9045510913776085
2005-04-23 00:00:00,0.9007523974875834
2005-04-23 12:00:00,0.8977324897813923
2005-04-24 00:00:00,0.8944234470978308
2005-04-24 12:00:00,0.8914292732171557
2005-04-25 00:00:00,0.888542765148679
2005-04-25 12:00:00,0.8937515921149228
2005-04-26 00:00:00,0.8931959481534714
2005-04-26 12:00:00,0.9024316322471048
2005-04-27 00:00:00,0.898399095935785
2005-04-27 12:00:00,0.8951097115302928
2005-04-28 00:00:00,0.8913188172780749
2005-04-28 12:00:00,0.8883390420069013
2005-04-29 00:00:00,0.8847348886659546
2005-04-29 12:00:00,0.8818144041029985
2005-04-30 00:00:00,0.878290156820974
2005-04-30 12:00:00,0.8754146714702002
2005-05-01 00:00:00,0.8718830184284901
2005-05-01 12:00:00,0.8687790411307571
2005-05-02 00:00:00,0.8650720080685682
2005-05-02 12:00:00,0.8621112872220433
2005-05-03 00:00:00,0.8584829776766836
2005-05-03 12:00:00,0.8556631618935897
2005-05-04 00:00:00,0.8523298858180811
2005-05-04 12:00:00,0.8496505932188535
2005-05-05 00:00:00,0.8464397506228404
2005-05-05 12:00:00,0.8437705335280592
2005-05-06 00:00:00,0.8411465566832068
2005-05-06 12:00:00,0.8396393666304067
2005-05-07 00:00:00,0.8369126479023123
2005-05-07 12:00:00,0.8343978294944254
2005-05-08 00:00:00,0.8314054324172788
2005-05-08 12:00:00,0.8289372055334611
2005-05-09 00:00:00,0.8261003295003749
2005-05-09 12:00:00,0.8235121394269662
2005-05-10 00:00:00,0.8204778018061617
2005-05-10 12:00:00,0.8200666155847709
2005-05-11 00:00:00,0.8172950099268795
2005-05-11 12:00:00,0.8151358845531681
2005-05-12 00:00:00,0.8123772221359493
2005-05-12 12:00:00,0.8097559885194814
2005-05-13 00:00:00,0.8070311770962901
2005-05-13 12:00:00,0.8047996603346405
2005-05-14 00:00:00,0.8017521981499109
2005-05-14 12:00:00,0.799166143617416
2005-05-15 00:00:00,0.7962819135642767
2005-05-15 12:00:00,0.793671213671482
2005-05-16 00:00:00,0.7907982245409866
2005-05-16 12:00:00,0.7884186855347158
2005-05-17 00:00:00,0.7855241492131405
2005-05-17 12:00:00,0.7832306884117503
2005-05-18 00:00:00,0.8193137611203338
2005-05-18 12:00:00,0.8351908986145854
2005-05-19 00:00:00,0.856401557992542
2005-05-19 12:00:00,0.8540315024334179
2005-05-20 00:00:00,0.851182809253775
2005-05-20 12:00:00,0.8486828496135664
2005-05-21 00:00:00,0.8453835619627823
2005-05-21 12:00:00,0.8425476161959272
2005-05-22 00:00:00,0.8390582721070463
2005-05-22 12:00:00,0.8362788557612616
2005-05-23 00:00:00,0.8328285638118283
2005-05-23 12:00:00,0.8299603689735882
2005-05-24 00:00:00,0.8266637210442761
2005-05-24 12:00:00,0.8237134774396374
2005-05-25 00:00:00,0.8204279758995339
2005-05-25 12:00:00,0.8174872930219543
2005-05-26 00:00:00,0.814141145016285
2005-05-26 12:00:00,0.811100969627023
2005-05-27 00:00:00,0.8077808003576016
2005-05-27 12:00:00,0.8048157493716898
2005-05-28 00:00:00,0.8011854261259376
2005-05-28 12:00:00,0.7979588595981315
2005-05-29 00:00:00,0.794203078027661
2005-05-29 12:00:00,0.7909600776104174
2005-05-30 00:00:00,0.7876674243577649
2005-05-30 12:00:00,0.7846588742749215
2005-05-31 00:00:00,0.7810804925671504
2005-05-31 12:00:00,0.77810845066018
2005-06-01 00:00:00,0.7745019509713305
2005-06-01 12:00:00,0.7713518086756779
2005-06-02 00:00:00,0.7679762946792058
2005-06-02 12:00:00,0.7649249065782552
2005-06-03 00:00:00,0.7617891721601994
2005-06-03 12:00:00,0.7588923236409588
2005-06-04 00:00:00,0.7553546551639828
2005-06-04 12:00:00,0.7523642096938236
2005-06-05 00:00:00,0.7489949134382218
2005-06-05 12:00:00,0.7459804490962819
2005-06-06 00:00:00,0.7425010802553086
2005-06-06 12:00:00,0.7396178922753038
2005-06-07 00:00:00,0.7369357217781863
2005-06-07 12:00:00,0.7342877080905358
2005-06-08 00:00:00,0.7433024087141259
2005-06-08 12:00:00,0.7410279551059207
2005-06-09 00:00:00,0.7385454869837819
2005-06-09 12:00:00,0.736446168456076
2005-06-10 00:00:00,0.7341910568319524
2005-06-10 12:00:00,0.7320795067172992
2005-06-11 00:00:00,0.7293946477756642
2005-06-11 12:00:00,0.7271089625258015
2005-06-12 00:00:00,0.7243477859992639
2005-06-12 12:00:00,0.7220485397218916
2005-06-13 00:00:00,0.7191908687804391
2005-06-13 12:00:00,0.7167018967194246
2005-06-14 00:00:00,0.7134637372777802
2005-06-14 12:00:00,0.7131114884700758
2005-06-15 00:00:00,0.7129347279651942
2005-06-15 12:00:00,0.7193871178536548
2005-06-16 00:00:00,0.7164936889553384
2005-06-16 12:00:00,0.7136579983758202
2005-06-17 00:00:00,0.7103463876773335
2005-06-17 12:00:00,0.7074020059287116
2005-06-18 00:00:00,0.7040475432596973
2005-06-18 12:00:00,0.7010672004437525
2005-06-19 00:00:00,0.6976512499802634
2005-06-19 12:00:00,0.694747367200184
2005-06-20 00:00:00,0.691467652490326
2005-06-20 12:00:00,0.6885792751464694
2005-06-21 00:00:00,0.6852963546142291
2005-06-21 12:00:00,0.6825432068301247
2005-06-22 00:00:00,0.6792254119471143
2005-06-22 12:00:00,0.676514291476138
2005-06-23 00:00:00,0.6729991952644115
2005-06-23 12:00:00,0.6699519923731728
2005-06-24 00:00:00,0.6664102654007411
2005-06-24 12:00:00,0.6633834656272111
2005-06-25 00:00:00,0.6598189006091996
2005-06-25 12:00:00,0.6567617702111476
2005-06-26 00:00:00,0.6532222300837891
2005-06-26 12:00:00,0.6502704498298686
2005-06-27 00:00:00,0.6466981939793356
2005-06-27 12:00:00,0.643572930285119
2005-06-28 00:00:00,0.6398761784945748
2005-06-28 12:00:00,0.6366472911644586
2005-06-29 00:00:00,0.6329944110051886
2005-06-29 12:00:00,0.6300139301619742
2005-06-30 00:00:00,0.6264582096911359
2005-06-30 12:00:00,0.623545982439077
2005-07-01 00:00:00,0.6203176550763296
2005-07-01 12:00:00,0.6177245608078573
2005-07-02 00:00:00,0.6149280972613843
2005-07-02 12:00:00,0.6144167994855129
2005-07-03 00:00:00,0.6116490815315658
2005-07-03 12:00:00,0.60925258314437
2005-07-04 00:00:00,0.6064296241194231
2005-07-04 12:00:00,0.6040180720396947
2005-07-05 00:00:00,0.6009900759827665
2005-07-05 12:00:00,0.598817036630671
2005-07-06 00:00:00,0.5962038383050826
2005-07-06 12:00:00,0.5939439863101829
2005-07-07 00:00:00,0.5930600083804786
2005-07-07 12:00:00,0.5907404112431035
2005-07-08 00:00:00,0.594868234306608
2005-07-08 12:00:00,0.5925756644035209
2005-07-09 00:00:00,0.590091168840417
2005-07-09 12:00:00,0.5878743430568673
2005-07-10 00:00:00,0.5853348859999344
2005-07-10 12:00:00,0.5865626972915053
2005-07-11 00:00:00,0.594598864997368
2005-07-11 12:00:00,0.5925848639130442
2005-07-12 00:00:00,0.5901645361141293
2005-07-12 12:00:00,0.5885416222524166
2005-07-13 00:00:00,0.5864951471497959
2005-07-13 12:00:00,0.5842501812488806
2005-07-14 00:00:00,0.5817944052085644
2005-07-14 12:00:00,0.5794608938959057
2005-07-15 00:00:00,0.5767691206070512
2005-07-15 12:00:00,0.5752628432152845
2005-07-16 00:00:00,0.5723503554732248
2005-07-16 12:00:00,0.5699659619115681
2005-07-17 00:00:00,0.5670508645086652
2005-07-17 12:00:00,0.5646783188927331
2005-07-18 00:00:00,0.5616992752877327
2005-07-18 12:00:00,0.5593666086578589
2005-07-19 00:00:00,0.5563279193621723
2005-07-19 12:00:00,0.5537740851477438
2005-07-20 00:00:00,0.5510213944547894
2005-07-20 12:00:00,0.5486771456568829
2005-07-21 00:00:00,0.5458081275776931
2005-07-21 12:00:00,0.5434350863622466
2005-07-22 00:00:00,0.5408571725235937
2005-07-22 12:00:00,0.5386413788064226
2005-07-23 00:00:00,0.5385479259260606
2005-07-23 12:00:00,0.5363818445434522
2005-07-24 00:00:00,0.5349769526450947
2005-07-24 12:00:00,0.5328610096201479
2005-07-25 00:00:00,0.5302318390190035
2005-07-25 12:00:00,0.5280202813587274
2005-07-26 00:00:00,0.5253824561220595
2005-07-26 12:00:00,0.5232516464949847
2005-07-27 00:00:00,0.5205630966853948
2005-07-27 12:00:00,0.5183118030417365
2005-07-28 00:00:00,0.5154893650083071
2005-07-28 12:00:00,0.51310084792358
2005-07-29 00:00:00,0.5101816985148545
2005-07-29 12:00:00,0.5077355340155795
2005-07-30 00:00:00,0.5048604865547903
2005-07-30 12:00:00,0.5025476198115935
2005-07-31 00:00:00,0.4998078945027261
2005-07-31 12:00:00,0.49759221489132544
2005-08-01 00:00:00,0.4950668111430815
2005-08-01 12:00:00,0.4931413139646712
2005-08-02 00:00:00,0.4906662965900779
2005-08-02 12:00:00,0.49021355827015306
2005-08-03 00:00:00,0.48833455258117786
2005-08-03 12:00:00,0.5595971904026994
2005-08-04 00:00:00,0.5584770920227266
2005-08-04 12:00:00,0.5565307625308442
2005-08-05 00:00:00,0.5543085949605915
2005-08-05 12:00:00,0.5523342811504568
2005-08-06 00:00:00,0.5501714307499801
2005-08-06 12:00:00,0.548304295122853
2005-08-07 00:00:00,0.545772760489879
2005-08-07 12:00:00,0.5438367389708131
2005-08-08 00:00:00,0.5744859653578246
2005-08-08 12:00:00,0.572420288230734
2005-08-09 00:00:00,0.5702646055960339
2005-08-09 12:00:00,0.5684890307755991
2005-08-10 00:00:00,0.5660764111463161
2005-08-10 12:00:00,0.5641004146727638
2005-08-11 00:00:00,0.5616405600877038
2005-08-11 12:00:00,0.5605862090725056
2005-08-12 00:00:00,0.5676542326684871
2005-08-12 12:00:00,0.5676775587629428
2005-08-13 00:00:00,0.585780053560067
2005-08-13 12:00:00,0.5836073597716326
2005-08-14 00:00:00,0.5942294985330373
2005-08-14 12:00:00,0.5923019929058868
2005-08-15 00:00:00,0.5896061634820812
2005-08-15 12:00:00,0.6170411095455625
2005-08-16 00:00:00,0.6147943082831442
2005-08-16 12:00:00,0.6128730499962722
2005-08-17 00:00:00,0.6104945447712475
2005-08-17 12:00:00,0.6083774593849971
2005-08-18 00:00:00,0.6056890023697677
2005-08-18 12:00:00,0.6035791697889769
2005-08-19 00:00:00,0.6009874778155743
2005-08-19 12:00:00,0.5987938836407176
2005-08-20 00:00:00,0.6141141212425684
2005-08-20 12:00:00,0.6119731394048205
2005-08-21 00:00:00,0.6647470781082944
2005-08-21 12:00:00,0.6936922661884312
2005-08-22 00:00:00,0.6915898575480203
2005-08-22 12:00:00,0.6915328106526838
2005-08-23 00:00:00,0.6957109031131798
2005-08-23 12:00:00,0.6934026427899282
2005-08-24 00:00:00,0.6906907408092977
2005-08-24 12:00:00,0.6881674453842748
2005-08-25 00:00:00,0.7142928274208724
2005-08-25 12:00:00,0.71200653101368
2005-08-26 00:00:00,0.7090645526988003
2005-08-26 12:00:00,0.7065689351292915
2005-08-27 00:00:00,0.7036519783596769
2005-08-27 12:00:00,0.7011994964318399
2005-08-28 00:00:00,0.6982337997730244
2005-08-28 12:00:00,0.7282090338630531
2005-08-29 00:00:00,0.7264875413985151
2005-08-29 12:00:00,0.7238789605598921
2005-08-30 00:00:00,0.720828666131049
2005-08-30 12:00:00,0.7180372648239637
2005-08-31 00:00:00,0.7149796021132573
2005-08-31 12:00:00,0.712237542482811
2005-09-01 00:00:00,0.7092259188437788
2005-09-01 12:00:00,0.7068646861847059
2005-09-02 00:00:00,0.7041254271037644
2005-09-02 12:00:00,0.7017669780530964
2005-09-03 00:00:00,0.6990514038634599
2005-09-03 12:00:00,0.6965971747083043
2005-09-04 00:00:00,0.6958522955287596
2005-09-04 12:00:00,0.6936278569345018
2005-09-05 00:00:00,0.6910942783672928
2005-09-05 12:00:00,0.6889137287079471
2005-09-06 00:00:00,0.6866198862979751
2005-09-06 12:00:00,0.6847481852828736
2005-09-07 00:00:00,0.6823453327977541
2005-09-07 12:00:00,0.6949192139955187
2005-09-08 00:00:00,0.6940569073614715
2005-09-08 12:00:00,0.6936376054725526
2005-09-09 00:00:00,0.6937601968224497
2005-09-09 12:00:00,0.7367111357900393
2005-09-10 00:00:00,0.7345100580453962
2005-09-10 12:00:00,0.7323243815553606
2005-09-11 00:00:00,0.7299767723124464
2005-09-11 12:00:00,0.7279168904757347
2005-09-12 00:00:00,0.7273632349361738
2005-09-12 12:00:00,0.7436787029566092
2005-09-13 00:00:00,0.7531174527830201
2005-09-13 12:00:00,0.7513314652992072
2005-09-14 00:00:00,0.7488323002470372
2005-09-14 12:00:00,0.746674978350904
2005-09-15 00:00:00,0.7445625335840573
2005-09-15 12:00:00,0.7424539871351362
2005-09-16 00:00:00,0.7398656959583284
2005-09-16 12:00:00,0.7377551775765844
2005-09-17 00:00:00,0.7352085096091228
2005-09-17 12:00:00,0.732945682363685
2005-09-18 00:00:00,0.7603094042179362
2005-09-18 12:00:00,0.8068241745506698
2005-09-19 00:00:00,0.8077542795567606
2005-09-19 12:00:00,0.8101930392011764
2005-09-20 00:00:00,0.8083859337712369
2005-09-20 12:00:00,0.8061902793408061
2005-09-21 00:00:00,0.8039900434640069
2005-09-21 12:00:00,0.8018135026093796
2005-09-22 00:00:00,0.7997012562677072
2005-09-22 12:00:00,0.7977149917757611
2005-09-23 00:00:00,0.7955122366050786
2005-09-23 12:00:00,0.7937216721231535
2005-09-24 00:00:00,0.7914540106255094
2005-09-24 12:00:00,0.7895212571865896
2005-09-25 00:00:00,0.787271339602748
2005-09-25 12:00:00,0.7854514141494404
2005-09-26 00:00:00,0.7832344672904267
2005-09-26 12:00:00,0.7812863204144035
2005-09-27 00:00:00,0.7788932641821547
2005-09-27 12:00:00,0.7770763985493786
2005-09-28 00:00:00,0.7746684087672918
2005-09-28 12:00:00,0.7727003904165665
2005-09-29 00:00:00,0.7702951731613235
2005-09-29 12:00:00,0.7684555997486741
2005-09-30 00:00:00,0.7659938040403317
2005-09-30 12:00:00,0.7639563514193048
2005-10-01 00:00:00,0.7619763919558206
2005-10-01 12:00:00,0.7603865159671757
2005-10-02 00:00:00,0.7587956119346382
2005-10-02 12:00:00,0.7575589462204119
2005-10-03 00:00:00,0.7562130614082726
2005-10-03 12:00:00,0.7713828747721624
2005-10-04 00:00:00,0.7778269104279543
2005-10-04 12:00:00,0.779241441866826
2005-10-05 00:00:00,0.7789332850403238
2005-10-05 12:00:00,0.786361857859312
2005-10-06 00:00:00,0.7923482925163264
2005-10-06 12:00:00,0.7909969420383561
2005-10-07 00:00:00,0.8087017029161571
2005-10-07 12:00:00,0.8088013481210495
2005-10-08 00:00:00,0.8094375943845162
2005-10-08 12:00:00,0.831288740388726
2005-10-09 00:00:00,0.8306637137753557
2005-10-09 12:00:00,0.8290149531185157
2005-10-10 00:00:00,0.8271301978530023
2005-10-10 12:00:00,0.8254835162953225
2005-10-11 00:00:00,0.8237430712334824
2005-10-11 12:00:00,0.8222100251497803
2005-10-12 00:00:00,0.8202843404458372
2005-10-12 12:00:00,0.8186976880415352
2005-10-13 00:00:00,0.8168831426689886
2005-10-13 12:00:00,0.8154446816245347
2005-10-14 00:00:00,0.8135737984132638
2005-10-14 12:00:00,0.8117722986349771
2005-10-15 00:00:00,0.8098452256670235
2005-10-15 12:00:00,0.80832934814564
2005-10-16 00:00:00,0.8066163801914737
2005-10-16 12:00:00,0.8053379746738754
2005-10-17 00:00:00,0.8034321910576795
2005-10-17 12:00:00,0.8019165546294401
2005-10-18 00:00:00,0.8003130509950885
2005-10-18 12:00:00,0.7989463366915732
2005-10-19 00:00:00,0.7974304353261025
2005-10-19 12:00:00,0.7980368906974122
2005-10-20 00:00:00,0.8142864758698845
2005-10-20 12:00:00,0.902551145166538
2005-10-21 00:00:00,0.8992562571260666
2005-10-21 12:00:00,0.9162734804349202
2005-10-22 00:00:00,0.9108333253175523
2005-10-22 12:00:00,0.9063715244936005
2005-10-23 00:00:00,0.9025092199287222
2005-10-23 12:00:00,0.8992635900982684
2005-10-24 00:00:00,0.8959093202769903
2005-10-24 12:00:00,0.8929762105191161
2005-10-25 00:00:00,0.8901948727425124
2005-10-25 12:00:00,0.8879505145346601
2005-10-26 00:00:00,0.8854038610744107
2005-10-26 12:00:00,0.8832037148607489
2005-10-27 00:00:00,0.8809765116493942
2005-10-27 12:00:00,0.8791741623378994
2005-10-28 00:00:00,0.8770456329491121
2005-10-28 12:00:00,0.8752819748999484
2005-10-29 00:00:00,0.8734305003732272
2005-10-29 12:00:00,0.8718758115465981
2005-10-30 00:00:00,0.8699482252247163
2005-10-30 12:00:00,0.8683694705929962
2005-10-31 00:00:00,0.8665699833446039
2005-10-31 12:00:00,0.864946968932116
2005-11-01 00:00:00,0.863085846195373
2005-11-01 12:00:00,0.8623722294145136
2005-11-02 00:00:00,0.8965499960317792
2005-11-02 12:00:00,0.8942332138434594
2005-11-03 00:00:00,0.891889888431025
2005-11-03 12:00:00,0.8901135570567111
2005-11-04 00:00:00,0.8882120116216795
2005-11-04 12:00:00,0.8866152176077612
2005-11-05 00:00:00,0.8847286720412973
2005-11-05 12:00:00,0.8828629924512115
2005-11-06 00:00:00,0.8900491658571323
2005-11-06 12:00:00,0.9422393988352791
2005-11-07 00:00:00,0.9314798063451553
2005-11-07 12:00:00,0.9222002209648084
2005-11-08 00:00:00,0.9159825622052481
2005-11-08 12:00:00,0.9112379090427724
2005-11-09 00:00:00,0.9074455611050245
2005-11-09 12:00:00,0.9044889948284983
2005-11-10 00:00:00,0.9015966698801322
2005-11-10 12:00:00,0.8993421139710888
2005-11-11 00:00:00,0.8968727936831664
2005-11-11 12:00:00,0.8950715709328659
2005-11-12 00:00:00,0.893032545426203
2005-11-12 12:00:00,0.891619811121085
2005-11-13 00:00:00,0.8898498734080525
2005-11-13 12:00:00,0.8884118197814054
2005-11-14 00:00:00,0.8869089676172967
2005-11-14 12:00:00,0.885367417248889
2005-11-15 00:00:00,0.884300590578191
2005-11-15 12:00:00,0.9377763370369835
2005-11-16 00:00:00,0.9368849875242092
2005-11-16 12:00:00,0.9255722095668899
2005-11-17 00:00:00,0.9199612876656493
2005-11-17 12:00:00,0.9202645246397778
2005-11-18 00:00:00,0.9174846396012456
2005-11-18 12:00:00,0.9127624476221141
2005-11-19 00:00:00,0.9091862150660166
2005-11-19 12:00:00,0.9063381296850775
2005-11-20 00:00:00,0.9040312224989658
2005-11-20 12:00:00,0.9022451213751296
2005-11-21 00:00:00,0.900492737826287
2005-11-21 12:00:00,0.8988623947491081
2005-11-22 00:00:00,0.9008230997436105
2005-11-22 12:00:00,0.9161413724358749
2005-11-23 00:00:00,0.9132555038169353
2005-11-23 12:00:00,0.9115842831137657
2005-11-24 00:00:00,0.9085496103772182
2005-11-24 12:00:00,0.9070328844638242
2005-11-25 00:00:00,0.9050889482886871
2005-11-25 12:00:00,0.9034204396424235
2005-11-26 00:00:00,0.9043252170924254
2005-11-26 12:00:00,0.9525149149896307
2005-11-27 00:00:00,0.9518694867807033
2005-11-27 12:00:00,0.9321715525358027
2005-11-28 00:00:00,0.9280743405306819
2005-11-28 12:00:00,0.9236788081017794
2005-11-29 00:00:00,0.917944969030061
2005-11-29 12:00:00,0.9140504975105699
2005-11-30 00:00:00,0.9118190533992653
2005-11-30 12:00:00,0.9223381320492822
2005-12-01 00:00:00,0.9264908502582527
2005-12-01 12:00:00,0.9200194919925718
2005-12-02 00:00:00,0.9153940053412576
2005-12-02 12:00:00,0.9121161613012512
2005-12-03 00:00:00,0.9090902691547654
2005-12-03 12:00:00,0.9372343861457146
2005-12-04 00:00:00,0.931839053807829
2005-12-04 12:00:00,0.9229724587227074
2005-12-05 00:00:00,0.9326268693251657
2005-12-05 12:00:00,0.9235553586483658
2005-12-06 00:00:00,0.9476517726880087
2005-12-06 12:00:00,0.9327838703785251
2005-12-07 00:00:00,0.9335214267894485
2005-12-07 12:00:00,0.9280492421828901
2005-12-08 00:00:00,0.9209901549113056
2005-12-08 12:00:00,0.9164140093711516
2005-12-09 00:00:00,0.9147306862214878
2005-12-09 12:00:00,0.9453414007066175
2005-12-10 00:00:00,0.9301075964236499
2005-12-10 12:00:00,0.9221625958735946
2005-12-11 00:00:00,0.917240739634552
2005-12-11 12:00:00,0.9131121825007518
2005-12-12 00:00:00,0.9107087896380309
2005-12-12 12:00:00,0.9110347503395133
2005-12-13 00:00:00,0.9089396942708564
2005-12-13 12:00:00,0.9064354489667417
2005-12-14 00:00:00,0.9037932609376905
2005-12-14 12:00:00,0.9015291920743921
2005-12-15 00:00:00,0.899479118035409
2005-12-15 12:00:00,0.8977007845068142
2005-12-16 00:00:00,0.8963904421950443
2005-12-16 12:00:00,0.8953357183582039
2005-12-17 00:00:00,0.8937954727863479
2005-12-17 12:00:00,0.8931096724477054
2005-12-18 00:00:00,0.8955090419303037
2005-12-18 12:00:00,0.89440445538411
2005-12-19 00:00:00,0.8933600322002847
2005-12-19 12:00:00,0.8926942997612914
2005-12-20 00:00:00,0.8917732941297001
2005-12-20 12:00:00,0.8909719480371242
2005-12-21 00:00:00,0.8900830799435827
2005-12-21 12:00:00,0.8892934937541417
2005-12-22 00:00:00,0.888444374724372
2005-12-22 12:00:00,0.8879501228781145
2005-12-23 00:00:00,0.8871913768205136
2005-12-23 12:00:00,0.8865771318731305
2005-12-24 00:00:00,0.8858165971453991
2005-12-24 12:00:00,0.8853938718723295
2005-12-25 00:00:00,0.884548224120891
2005-12-25 12:00:00,0.883934885502498
2005-12-26 00:00:00,0.8885583177109513
2005-12-26 12:00:00,0.8920219464980349
2005-12-27 00:00:00,0.8911667459057475
2005-12-27 12:00:00,0.8921654929866187
2005-12-28 00:00:00,0.8947652137955227
2005-12-28 12:00:00,0.896314627457091
2005-12-29 00:00:00,0.8952239825288424
2005-12-29 12:00:00,0.8944771134718282
2005-12-30 00:00:00,0.8935493586559718
2005-12-30 12:00:00,0.8927060162050363
2005-12-31 00:00:00,0.8921312220244841
2005-12-31 12:00:00,0.89289346100745
2006-01-01 00:00:00,0.9088763812903649
2006-01-01 12:00:00,0.9292981212900362
2006-01-02 00:00:00,0.9327590633298999
2006-01-02 12:00:00,0.9260749542577594
2006-01-03 00:00:00,0.924471738917829
2006-01-03 12:00:00,0.9255250542852619
2006-01-04 00:00:00,0.9206150284370038
2006-01-04 12:00:00,0.9156516827856721
2006-01-05 00:00:00,0.9117535945839967
2006-01-05 12:00:00,0.9086555751512139
2006-01-06 00:00:00,0.9061425839865646
2006-01-06 12:00:00,0.904593850447579
2006-01-07 00:00:00,0.9026390231807174
2006-01-07 12:00:00,0.9010968484339624
2006-01-08 00:00:00,0.899326133412371
2006-01-08 12:00:00,0.898026813760242
2006-01-09 00:00:00,0.8965288224685267
2006-01-09 12:00:00,0.8953278233868144
2006-01-10 00:00:00,0.8941135757400297
2006-01-10 12:00:00,0.8931407820003668
2006-01-11 00:00:00,0.8919935600249155
2006-01-11 12:00:00,0.8911706029872792
2006-01-12 00:00:00,0.8901165445414415
2006-01-12 12:00:00,0.8892875438906792
2006-01-13 00:00:00,0.8883376259147313
2006-01-13 12:00:00,0.8873719123135482
2006-01-14 00:00:00,0.8864667579619675
2006-01-14 12:00:00,0.8858367407930738
2006-01-15 00:00:00,0.8850544309017881
2006-01-15 12:00:00,0.8845122292455986
2006-01-16 00:00:00,0.8837711718975206
2006-01-16 12:00:00,0.8835285346733915
2006-01-17 00:00:00,0.8828713532183469
2006-01-17 12:00:00,0.8822641953536142
2006-01-18 00:00:00,0.8821327939990595
2006-01-18 12:00:00,0.8831181137816663
2006-01-19 00:00:00,0.8823245091238815
2006-01-19 12:00:00,0.8817176321946513
2006-01-20 00:00:00,0.8808100049913766
2006-01-20 12:00:00,0.8804205099274326
2006-01-21 00:00:00,0.8796512246340469
2006-01-21 12:00:00,0.8790623204223011
2006-01-22 00:00:00,0.8781983371237883
2006-01-22 12:00:00,0.8775334588848226
2006-01-23 00:00:00,0.8766359738651859
2006-01-23 12:00:00,0.8761157941766283
2006-01-24 00:00:00,0.8758178777142377
2006-01-24 12:00:00,0.8756694498570765
2006-01-25 00:00:00,0.8758491272307822
2006-01-25 12:00:00,0.8755784361266793
2006-01-26 00:00:00,0.8752007139236274
2006-01-26 12:00:00,0.8748646837400922
2006-01-27 00:00:00,0.8741737903126833
2006-01-27 12:00:00,0.8741321864118894
2006-01-28 00:00:00,0.8752420489442817
2006-01-28 12:00:00,0.8745006417176564
2006-01-29 00:00:00,0.8733827976087015
2006-01-29 12:00:00,0.8728553949850052
2006-01-30 00:00:00,0.8719959759219367
2006-01-30 12:00:00,0.8709682740443784
2006-01-31 00:00:00,0.8707180204362006
2006-01-31 12:00:00,0.8697913254330747
2006-02-01 00:00:00,0.8684942122023962
2006-02-01 12:00:00,0.8671843019224127
2006-02-02 00:00:00,0.8659224379977216
2006-02-02 12:00:00,0.8653459893732918
2006-02-03 00:00:00,0.8643398605123204
2006-02-03 12:00:00,0.863887548559838
2006-02-04 00:00:00,0.8628150866371542
2006-02-04 12:00:00,0.8619125421733136
2006-02-05 00:00:00,0.8609134961025097
2006-02-05 12:00:00,0.8601779333595739
2006-02-06 00:00:00,0.8598357095879829
2006-02-06 12:00:00,0.8595883336068063
2006-02-07 00:00:00,0.8592923222843863
2006-02-07 12:00:00,0.8590352604075908
2006-02-08 00:00:00,0.8584506881622461
2006-02-08 12:00:00,0.8579695403246838
2006-02-09 00:00:00,0.8579177131503962
2006-02-09 12:00:00,0.8577176464482202
2006-02-10 00:00:00,0.8569370276478029
2006-02-10 12:00:00,0.8567204735203416
2006-02-11 00:00:00,0.8560892255236839
2006-02-11 12:00:00,0.8558132188918578
2006-02-12 00:00:00,0.855190815287411
2006-02-12 12:00:00,0.8549041711026957
2006-02-13 00:00:00,0.8544432002273484
2006-02-13 12:00:00,0.8542182604736209
2006-02-14 00:00:00,0.8537287069800396
2006-02-14 12:00:00,0.853511078275453
2006-02-15 00:00:00,0.8527729293179869
2006-02-15 12:00:00,0.8529468516880244
2006-02-16 00:00:00,0.8527477236096594
2006-02-16 12:00:00,0.8592541822513211
2006-02-17 00:00:00,0.8658379555908409
2006-02-17 12:00:00,0.8647631831667565
2006-02-18 00:00:00,0.8635488118668081
2006-02-18 12:00:00,0.8626559855809515
2006-02-19 00:00:00,0.861338340073519
2006-02-19 12:00:00,0.8604225628864092
2006-02-20 00:00:00,0.8592791841236256
2006-02-20 12:00:00,0.8870114107135019
2006-02-21 00:00:00,0.9009451048546556
2006-02-21 12:00:00,0.9131740391426233
2006-02-22 00:00:00,0.9164462154427219
2006-02-22 12:00:00,0.9162870636789274
2006-02-23 00:00:00,0.9125722663587186
2006-02-23 12:00:00,0.909341551610976
2006-02-24 00:00:00,0.9070771465489529
2006-02-24 12:00:00,0.9056602682356236
2006-02-25 00:00:00,0.9121513115062566
2006-02-25 12:00:00,0.917343540083467
2006-02-26 00:00:00,0.9131273564403076
2006-02-26 12:00:00,0.9103834567158375
2006-02-27 00:00:00,0.9087942021713664
2006-02-27 12:00:00,0.9062778901750222
2006-02-28 00:00:00,0.903734601911953
2006-02-28 12:00:00,0.9014997331596163
2006-03-01 00:00:00,0.9008704291921679
2006-03-01 12:00:00,0.9015241267676768
2006-03-02 00:00:00,0.899406639746976
2006-03-02 12:00:00,0.9027074613473943
2006-03-03 00:00:00,0.9058152044946298
2006-03-03 12:00:00,0.9064097013449172
2006-03-04 00:00:00,0.9032404339174008
2006-03-04 12:00:00,0.9003593101864293
2006-03-05 00:00:00,0.8976088819858503
2006-03-05 12:00:00,0.9000556926043135
2006-03-06 00:00:00,0.9031435854812953
2006-03-06 12:00:00,0.9095855873197634
2006-03-07 00:00:00,0.9066882527121699
2006-03-07 12:00:00,0.9050605425431583
2006-03-08 00:00:00,0.9029169551652775
2006-03-08 12:00:00,0.901049222792447
2006-03-09 00:00:00,0.8987917585164712
2006-03-09 12:00:00,0.9033121745377719
2006-03-10 00:00:00,0.9008157343900549
2006-03-10 12:00:00,0.9057300166349198
2006-03-11 00:00:00,0.9050863586146246
2006-03-11 12:00:00,0.9035091524570987
2006-03-12 00:00:00,0.9011307176814931
2006-03-12 12:00:00,0.8989839316363678
2006-03-13 00:00:00,0.9011834963887911
2006-03-13 12:00:00,0.8994689397359799
2006-03-14 00:00:00,0.8974831334563345
2006-03-14 12:00:00,0.8961213573093689
2006-03-15 00:00:00,0.8945250659199017
2006-03-15 12:00:00,0.8931953301665057
2006-03-16 00:00:00,0.8912566922259252
2006-03-16 12:00:00,0.915012489114446
2006-03-17 00:00:00,0.9132242673829867
2006-03-17 12:00:00,0.9095973514431006
2006-03-18 00:00:00,0.9064842845847592
2006-03-18 12:00:00,0.9041243730478974
2006-03-19 00:00:00,0.9014711644565029
2006-03-19 12:00:00,0.9041807382994814
2006-03-20 00:00:00,0.9047722952194144
2006-03-20 12:00:00,0.9021521834812667
2006-03-21 00:00:00,0.9002910781466635
2006-03-21 12:00:00,0.9082163809744148
2006-03-22 00:00:00,0.9046949859955433
2006-03-22 12:00:00,0.9071694158508664
2006-03-23 00:00:00,0.9047607735171918
2006-03-23 12:00:00,0.9026159552281098
2006-03-24 00:00:00,0.9001041397453072
2006-03-24 12:00:00,0.8981061660956293
2006-03-25 00:00:00,0.9029286716873346
2006-03-25 12:00:00,0.9015038955940892
2006-03-26 00:00:00,0.8988885754459052
2006-03-26 12:00:00,0.8968013940034241
2006-03-27 00:00:00,0.8942045207916072
2006-03-27 12:00:00,0.8920435199143717
2006-03-28 00:00:00,0.8896649419014212
2006-03-28 12:00:00,0.887684917613199
2006-03-29 00:00:00,0.8855091650375223
2006-03-29 12:00:00,0.8835968956345382
2006-03-30 00:00:00,0.8817401695630033
2006-03-30 12:00:00,0.8802254267349771
2006-03-31 00:00:00,0.878249024624866
2006-03-31 12:00:00,0.8765961664295306
2006-04-01 00:00:00,0.8745713077407042
2006-04-01 12:00:00,0.8723668840858145
2006-04-02 00:00:00,0.8695725154123035
2006-04-02 12:00:00,0.8673181882418085
2006-04-03 00:00:00,0.8646062750828512
2006-04-03 12:00:00,0.862517196881034
2006-04-04 00:00:00,0.8600862962968496
2006-04-04 12:00:00,0.8582009268750072
2006-04-05 00:00:00,0.8559035538053517
2006-04-05 12:00:00,0.8539952982988261
2006-04-06 00:00:00,0.8523692786845295
2006-04-06 12:00:00,0.8542098424079521
2006-04-07 00:00:00,0.8631065600648742
2006-04-07 12:00:00,0.8612824732868383
2006-04-08 00:00:00,0.8593445984967994
2006-04-08 12:00:00,0.857754651113623
2006-04-09 00:00:00,0.855387740039568
2006-04-09 12:00:00,0.8535488110705994
2006-04-10 00:00:00,0.8510671920735031
2006-04-10 12:00:00,0.8489814152392215
2006-04-11 00:00:00,0.8556801928701633
2006-04-11 12:00:00,0.8634739006637854
2006-04-12 00:00:00,0.8618368825008462
2006-04-12 12:00:00,0.8602871753968881
2006-04-13 00:00:00,0.8605720988602322
2006-04-13 12:00:00,0.8588777084837242
2006-04-14 00:00:00,0.8567686048996779
2006-04-14 12:00:00,0.8549643002868628
2006-04-15 00:00:00,0.8525213158589606
2006-04-15 12:00:00,0.8506134442948554
2006-04-16 00:00:00,0.8486291612830031
2006-04-16 12:00:00,0.858283730907007
2006-04-17 00:00:00,0.8558205927094078
2006-04-17 12:00:00,0.853876588417194
2006-04-18 00:00:00,0.8513685576851633
2006-04-18 12:00:00,0.8616326370085285
2006-04-19 00:00:00,0.8873388950898634
2006-04-19 12:00:00,0.8845644098988584
2006-04-20 00:00:00,0.881746170157756
2006-04-20 12:00:00,0.8794320268486023
2006-04-21 00:00:00,0.879205176316874
2006-04-21 12:00:00,0.8769169608136699
2006-04-22 00:00:00,0.8743068359295089
2006-04-22 12:00:00,0.8720826874445242
2006-04-23 00:00:00,0.8693065521533272
2006-04-23 12:00:00,0.8670565464776737
2006-04-24 00:00:00,0.864427034893601
2006-04-24 12:00:00,0.8620615816048257
2006-04-25 00:00:00,0.8591631368878458
2006-04-25 12:00:00,0.8567193958945595
2006-04-26 00:00:00,0.8541571740415232
2006-04-26 12:00:00,0.851621531681852
2006-04-27 00:00:00,0.8620970044548227
2006-04-27 12:00:00,0.8600713307098948
2006-04-28 00:00:00,0.857622069028411
2006-04-28 12:00:00,0.8552232271246266
2006-04-29 00:00:00,0.8725401702369717
2006-04-29 12:00:00,0.8702655214187264
2006-04-30 00:00:00,0.8849805258350978
2006-04-30 12:00:00,0.9039107745586017
2006-05-01 00:00:00,0.9183069197626529
2006-05-01 12:00:00,0.9123731081042644
2006-05-02 00:00:00,0.9069021950460264
2006-05-02 12:00:00,0.9023809217192935
2006-05-03 00:00:00,0.8980062311921736
2006-05-03 12:00:00,0.8942719758007994
2006-05-04 00:00:00,0.8904113097093256
2006-05-04 12:00:00,0.8869714538213844
2006-05-05 00:00:00,0.8833363127886149
2006-05-05 12:00:00,0.8801900506788386
2006-05-06 00:00:00,0.8770405320848915
2006-05-06 12:00:00,0.8743468562321155
2006-05-07 00:00:00,0.8711339257265012
2006-05-07 12:00:00,0.8683937627546963
2006-05-08 00:00:00,0.868900937238845
2006-05-08 12:00:00,0.8666674496230072
2006-05-09 00:00:00,0.8668378816438302
2006-05-09 12:00:00,0.8880149055984962
2006-05-10 00:00:00,0.8848897857866658
2006-05-10 12:00:00,0.8820344768481306
2006-05-11 00:00:00,0.8790652684764714
2006-05-11 12:00:00,0.9031371977137865
2006-05-12 00:00:00,0.8991429402395035
2006-05-12 12:00:00,0.89538693417565
2006-05-13 00:00:00,0.8914320225191619
2006-05-13 12:00:00,0.8879460377361582
2006-05-14 00:00:00,0.8841579400346696
2006-05-14 12:00:00,0.8829003839390264
2006-05-15 00:00:00,0.8804552375120356
2006-05-15 12:00:00,0.8773702063983638
2006-05-16 00:00:00,0.8737643340479714
2006-05-16 12:00:00,0.870621135655639
2006-05-17 00:00:00,0.8669888043195304
2006-05-17 12:00:00,0.8638378243470537
2006-05-18 00:00:00,0.8603916551516584
2006-05-18 12:00:00,0.8573300392785425
2006-05-19 00:00:00,0.8537467545261782
2006-05-19 12:00:00,0.8505276391613507
2006-05-20 00:00:00,0.8470588019853327
2006-05-20 12:00:00,0.8439929166511609
2006-05-21 00:00:00,0.8409474499966968
2006-05-21 12:00:00,0.8379439442873212
2006-05-22 00:00:00,0.8346284295002642
2006-05-22 12:00:00,0.8317074076370177
2006-05-23 00:00:00,0.8280795676061125
2006-05-23 12:00:00,0.8250132702743712
2006-05-24 00:00:00,0.8216855337145461
2006-05-24 12:00:00,0.8237514818826017
2006-05-25 00:00:00,0.8215381801545003
2006-05-25 12:00:00,0.8188920090843896
2006-05-26 00:00:00,0.8157233052073659
2006-05-26 12:00:00,0.8130310339581271
2006-05-27 00:00:00,0.8096636369724739
2006-05-27 12:00:00,0.8067670532885044
2006-05-28 00:00:00,0.8032969594741848
2006-05-28 12:00:00,0.800320363065637
2006-05-29 00:00:00,0.7968681499457316
2006-05-29 12:00:00,0.793930273134577
2006-05-30 00:00:00,0.7905890605078163
2006-05-30 12:00:00,0.7875564659346943
2006-05-31 00:00:00,0.7861152502673959
2006-05-31 12:00:00,0.78416804268265
2006-06-01 00:00:00,0.7897210723370761
2006-06-01 12:00:00,0.7875159933447614
2006-06-02 00:00:00,0.7860926268909351
2006-06-02 12:00:00,0.7934781737804645
2006-06-03 00:00:00,0.7918524416295359
2006-06-03 12:00:00,0.7902205433562937
2006-06-04 00:00:00,0.7877918908019474
2006-06-04 12:00:00,0.7850972316174621
2006-06-05 00:00:00,0.7842820248191209
2006-06-05 12:00:00,0.7820170158402004
2006-06-06 00:00:00,0.7827189679011851
2006-06-06 12:00:00,0.7805152756507868
2006-06-07 00:00:00,0.8084651550530252
2006-06-07 12:00:00,0.8059391094085593
2006-06-08 00:00:00,0.8033061003181275
2006-06-08 12:00:00,0.800782802649116
2006-06-09 00:00:00,0.7979619287000118
2006-06-09 12:00:00,0.7953387006299575
2006-06-10 00:00:00,0.7924702831302811
2006-06-10 12:00:00,0.7899342851931161
2006-06-11 00:00:00,0.7867305955666167
2006-06-11 12:00:00,0.783967285742378
2006-06-12 00:00:00,0.7811084963279743
2006-06-12 12:00:00,0.7782777820096468
2006-06-13 00:00:00,0.7751993831535616
2006-06-13 12:00:00,0.7724101016840009
2006-06-14 00:00:00,0.7688495804236252
2006-06-14 12:00:00,0.765733833856314
2006-06-15 00:00:00,0.762226285426313
2006-06-15 12:00:00,0.7592688780871537
2006-06-16 00:00:00,0.7557982945669333
2006-06-16 12:00:00,0.7528867869518308
2006-06-17 00:00:00,0.7494914087864584
2006-06-17 12:00:00,0.7465255752688263
2006-06-18 00:00:00,0.7430374115996263
2006-06-18 12:00:00,0.7399967128803414
2006-06-19 00:00:00,0.7363287388193404
2006-06-19 12:00:00,0.732898179698019
2006-06-20 00:00:00,0.7293912305749175
2006-06-20 12:00:00,0.7261426413857326
2006-06-21 00:00:00,0.7221713023226796
2006-06-21 12:00:00,0.7188847405946946
2006-06-22 00:00:00,0.7151226830550296
2006-06-22 12:00:00,0.7121414884415269
2006-06-23 00:00:00,0.7087599543239246
2006-06-23 12:00:00,0.7056356211998908
2006-06-24 00:00:00,0.7018911858613636
2006-06-24 12:00:00,0.698689234371205
2006-06-25 00:00:00,0.6949969343597809
2006-06-25 12:00:00,0.6917088788884693
2006-06-26 00:00:00,0.687965432099303
2006-06-26 12:00:00,0.6846548929829548
2006-06-27 00:00:00,0.6810156222413144
2006-06-27 12:00:00,0.6778918163536899
2006-06-28 00:00:00,0.6741591010649117
2006-06-28 12:00:00,0.6709496849548996
2006-06-29 00:00:00,0.6673677432079954
2006-06-29 12:00:00,0.6641357254310796
2006-06-30 00:00:00,0.6605508967701034
2006-06-30 12:00:00,0.6573850286418184
2006-07-01 00:00:00,0.6538723262861186
2006-07-01 12:00:00,0.6509753064496752
2006-07-02 00:00:00,0.647781178203265
2006-07-02 12:00:00,0.6450091530565286
2006-07-03 00:00:00,0.6420112882483502
2006-07-03 12:00:00,0.6392407715116284
2006-07-04 00:00:00,0.6362291316915948
2006-07-04 12:00:00,0.6335219925991848
2006-07-05 00:00:00,0.6306587474067764
2006-07-05 12:00:00,0.6281386691364861
2006-07-06 00:00:00,0.6250706634326262
2006-07-06 12:00:00,0.6223226622620978
2006-07-07 00:00:00,0.6199473520860557
2006-07-07 12:00:00,0.6431245168096081
2006-07-08 00:00:00,0.6520964082384628
2006-07-08 12:00:00,0.6497666323203642
2006-07-09 00:00:00,0.6469440462315433
2006-07-09 12:00:00,0.6442815428883241
2006-07-10 00:00:00,0.6412008448330991
2006-07-10 12:00:00,0.6384102620407599
2006-07-11 00:00:00,0.6352722229297852
2006-07-11 12:00:00,0.6323457066189604
2006-07-12 00:00:00,0.6292311791031614
2006-07-12 12:00:00,0.6264511663206729
2006-07-13 00:00:00,0.6233333210331701
2006-07-13 12:00:00,0.6205657822847727
2006-07-14 00:00:00,0.6175046448357818
2006-07-14 12:00:00,0.6147802867227583
2006-07-15 00:00:00,0.6117323847191019
2006-07-15 12:00:00,0.6089702734483107
2006-07-16 00:00:00,0.6059845192112586
2006-07-16 12:00:00,0.6033268404725971
2006-07-17 00:00:00,0.6005249593258933
2006-07-17 12:00:00,0.5980048896173022
2006-07-18 00:00:00,0.5953457214031457
2006-07-18 12:00:00,0.5926809653739725
2006-07-19 00:00:00,0.5900687033455108
2006-07-19 12:00:00,0.5877688749526958
2006-07-20 00:00:00,0.5848314749621517
2006-07-20 12:00:00,0.5822927569424391
2006-07-21 00:00:00,0.5791986951866617
2006-07-21 12:00:00,0.5765066838128865
2006-07-22 00:00:00,0.5733200163706396
2006-07-22 12:00:00,0.5706253561050207
2006-07-23 00:00:00,0.5674243607960937
2006-07-23 12:00:00,0.5647210425271108
2006-07-24 00:00:00,0.5671974753096667
2006-07-24 12:00:00,0.5646459822462677
2006-07-25 00:00:00,0.5697765628596586
2006-07-25 12:00:00,0.5672587273017301
2006-07-26 00:00:00,0.5646322779191907
2006-07-26 12:00:00,0.5621225518019758
2006-07-27 00:00:00,0.5593063300165413
2006-07-27 12:00:00,0.5566959896235295
2006-07-28 00:00:00,0.5548884091905657
2006-07-28 12:00:00,0.5523594752794464
2006-07-29 00:00:00,0.54941484525976
2006-07-29 12:00:00,0.5469426771302514
2006-07-30 00:00:00,0.5626644868892134
2006-07-30 12:00:00,0.5603323100244533
2006-07-31 00:00:00,0.5575979281669584
2006-07-31 12:00:00,0.5550549075157621
2006-08-01 00:00:00,0.5521445936034046
2006-08-01 12:00:00,0.5496733974595835
2006-08-02 00:00:00,0.5511785276984095
2006-08-02 12:00:00,0.5489057348192772
2006-08-03 00:00:00,0.5462320647804904
2006-08-03 12:00:00,0.5451823796145031
2006-08-04 00:00:00,0.5531477891233904
2006-08-04 12:00:00,0.5511033191092665
2006-08-05 00:00:00,0.5492617661180818
2006-08-05 12:00:00,0.5473576887544559
2006-08-06 00:00:00,0.5601060771792737
2006-08-06 12:00:00,0.5583536607871843
2006-08-07 00:00:00,0.557161498035125
2006-08-07 12:00:00,0.5553890766607184
2006-08-08 00:00:00,0.5530546307456925
2006-08-08 12:00:00,0.5510564651555623
2006-08-09 00:00:00,0.5510412829254896
2006-08-09 12:00:00,0.5497988583666433
2006-08-10 00:00:00,0.5812141440124106
2006-08-10 12:00:00,0.5794877586509312
2006-08-11 00:00:00,0.5772130009450279
2006-08-11 12:00:00,0.5752068231928925
2006-08-12 00:00:00,0.5762932104332177
2006-08-12 12:00:00,0.5791205926034461
2006-08-13 00:00:00,0.5769478321840275
2006-08-13 12:00:00,0.576008492345808
2006-08-14 00:00:00,0.5737168736703818
2006-08-14 12:00:00,0.5722690620021419
2006-08-15 00:00:00,0.5700746677192258
2006-08-15 12:00:00,0.5682012969562866
2006-08-16 00:00:00,0.565877796507398
2006-08-16 12:00:00,0.5638070617806507
2006-08-17 00:00:00,0.5612558592657813
2006-08-17 12:00:00,0.5589654953123749
2006-08-18 00:00:00,0.5564547014052426
2006-08-18 12:00:00,0.5564568308544111
2006-08-19 00:00:00,0.5539901170996308
2006-08-19 12:00:00,0.5520794738883185
2006-08-20 00:00:00,0.5500899299645474
2006-08-20 12:00:00,0.5477126895712795
2006-08-21 00:00:00,0.5486623128264924
2006-08-21 12:00:00,0.547069281463988
2006-08-22 00:00:00,0.5449150862684833
2006-08-22 12:00:00,0.5430151288190647
2006-08-23 00:00:00,0.541220249051057
2006-08-23 12:00:00,0.5394123211231344
2006-08-24 00:00:00,0.5370137009124663
2006-08-24 12:00:00,0.5349496463668526
2006-08-25 00:00:00,0.5326893510439786
2006-08-25 12:00:00,0.5583905272304089
2006-08-26 00:00:00,0.5917825635266056
2006-08-26 12:00:00,0.5897396191653104
2006-08-27 00:00:00,0.5951264288651581
2006-08-27 12:00:00,0.605314164366502
2006-08-28 00:00:00,0.6116396962946797
2006-08-28 12:00:00,0.609679096966993
2006-08-29 00:00:00,0.6072722446077903
2006-08-29 12:00:00,0.6050098221966195
2006-08-30 00:00:00,0.6026581902728012
2006-08-30 12:00:00,0.6368983776313057
2006-08-31 00:00:00,0.6347879532453302
2006-08-31 12:00:00,0.6328929535423159
2006-09-01 00:00:00,0.6305614914478543
2006-09-01 12:00:00,0.6288169196655303
2006-09-02 00:00:00,0.6265736569244589
2006-09-02 12:00:00,0.6247017704899722
2006-09-03 00:00:00,0.6223817692724334
2006-09-03 12:00:00,0.6204832996996783
2006-09-04 00:00:00,0.6180697431940085
2006-09-04 12:00:00,0.6160128183461756
2006-09-05 00:00:00,0.6134495390393389
2006-09-05 12:00:00,0.6112848274431321
2006-09-06 00:00:00,0.6087395049328875
2006-09-06 12:00:00,0.6066081395722288
2006-09-07 00:00:00,0.6039419015267857
2006-09-07 12:00:00,0.6017999069900556
2006-09-08 00:00:00,0.5992441663626342
2006-09-08 12:00:00,0.5971057280100606
2006-09-09 00:00:00,0.5945087006354985
2006-09-09 12:00:00,0.5922818418333473
2006-09-10 00:00:00,0.5901622774301531
2006-09-10 12:00:00,0.5883832800865515
2006-09-11 00:00:00,0.5863518986241708
2006-09-11 12:00:00,0.5845899785043307
2006-09-12 00:00:00,0.5824235312509752
2006-09-12 12:00:00,0.580564948779784
2006-09-13 00:00:00,0.5784664803135708
2006-09-13 12:00:00,0.5765949141219955
2006-09-14 00:00:00,0.5745773997750728
2006-09-14 12:00:00,0.5729211428257214
2006-09-15 00:00:00,0.5883501140342857
2006-09-15 12:00:00,0.6230946774748268
2006-09-16 00:00:00,0.6212102500539143
2006-09-16 12:00:00,0.6226716266434338
2006-09-17 00:00:00,0.7194962367183643
2006-09-17 12:00:00,0.7703032159683791
2006-09-18 00:00:00,0.7684669913705892
2006-09-18 12:00:00,0.7665175928628399
2006-09-19 00:00:00,0.7646284327634651
2006-09-19 12:00:00,0.7627629880650277
2006-09-20 00:00:00,0.7673780617357668
2006-09-20 12:00:00,0.7651833342938809
2006-09-21 00:00:00,0.7625964178817707
2006-09-21 12:00:00,0.7603040451673386
2006-09-22 00:00:00,0.7577268227483556
2006-09-22 12:00:00,0.7555812751327133
2006-09-23 00:00:00,0.752947623354919
2006-09-23 12:00:00,0.7506690357208615
2006-09-24 00:00:00,0.7482874403529761
2006-09-24 12:00:00,0.7462270081089449
2006-09-25 00:00:00,0.743794219359454
2006-09-25 12:00:00,0.7428875998867144
2006-09-26 00:00:00,0.790955298752039
2006-09-26 12:00:00,0.7954399650287733
2006-09-27 00:00:00,0.7931398469642139
2006-09-27 12:00:00,0.7904743386430039
2006-09-28 00:00:00,0.7880200754287601
2006-09-28 12:00:00,0.7857697981646712
2006-09-29 00:00:00,0.7833584990288621
2006-09-29 12:00:00,0.7813072403479399
2006-09-30 00:00:00,0.7788575802154389
2006-09-30 12:00:00,0.776752117422475
2006-10-01 00:00:00,0.7742695080514552
2006-10-01 12:00:00,0.772341978990982
2006-10-02 00:00:00,0.7701491746530459
2006-10-02 12:00:00,0.7681262812456465
2006-10-03 00:00:00,0.7658963955656436
2006-10-03 12:00:00,0.7637728769630526
2006-10-04 00:00:00,0.7613291256444544
2006-10-04 12:00:00,0.7589845604167369
2006-10-05 00:00:00,0.8045343323387756
2006-10-05 12:00:00,0.8029418349695514
2006-10-06 00:00:00,0.801004364928084
2006-10-06 12:00:00,0.7992665734206019
2006-10-07 00:00:00,0.7973353710995952
2006-10-07 12:00:00,0.7958175424680258
2006-10-08 00:00:00,0.7977951432211712
2006-10-08 12:00:00,0.7965404709490591
2006-10-09 00:00:00,0.7946185234067842
2006-10-09 12:00:00,0.792839255552944
2006-10-10 00:00:00,0.7909705214668221
2006-10-10 12:00:00,0.789407120715653
2006-10-11 00:00:00,0.7875064017328571
2006-10-11 12:00:00,0.785956241854229
2006-10-12 00:00:00,0.7840631245697998
2006-10-12 12:00:00,0.7824688834318053
2006-10-13 00:00:00,0.7805244709845627
2006-10-13 12:00:00,0.7791661854616029
2006-10-14 00:00:00,0.7772515018986726
2006-10-14 12:00:00,0.775763890373835
2006-10-15 00:00:00,0.7738737453302368
2006-10-15 12:00:00,0.7721036699311804
2006-10-16 00:00:00,0.7703372601191737
2006-10-16 12:00:00,0.7687915607369371
2006-10-17 00:00:00,0.7670463473851733
2006-10-17 12:00:00,0.7655367948485144
2006-10-18 00:00:00,0.7640612660345661
2006-10-18 12:00:00,0.7629963124058644
2006-10-19 00:00:00,0.7615395824357691
2006-10-19 12:00:00,0.7602793045123402
2006-10-20 00:00:00,0.7839702623821639
2006-10-20 12:00:00,0.7860782298207446
2006-10-21 00:00:00,0.7876345063942511
2006-10-21 12:00:00,0.7877965746449033
2006-10-22 00:00:00,0.8123402646237344
2006-10-22 12:00:00,0.8105846299388747
2006-10-23 00:00:00,0.8087333634839878
2006-10-23 12:00:00,0.8067757308248893
2006-10-24 00:00:00,0.8047043328894824
2006-10-24 12:00:00,0.802470131839918
2006-10-25 00:00:00,0.8005044132588136
2006-10-25 12:00:00,0.7986379318621871
2006-10-26 00:00:00,0.7968882415685067
2006-10-26 12:00:00,0.795237135382125
2006-10-27 00:00:00,0.79338818451099
2006-10-27 12:00:00,0.7917491629344824
2006-10-28 00:00:00,0.7899250279797358
2006-10-28 12:00:00,0.7883410731421662
2006-10-29 00:00:00,0.7865394248169696
2006-10-29 12:00:00,0.784905091673559
2006-10-30 00:00:00,0.7829252013250241
2006-10-30 12:00:00,0.7815388179804117
2006-10-31 00:00:00,0.780023321952054
2006-10-31 12:00:00,0.778676281498306
2006-11-01 00:00:00,0.7773253097661247
2006-11-01 12:00:00,0.7823609974230875
2006-11-02 00:00:00,0.7840353274017228
2006-11-02 12:00:00,0.7830620119792286
2006-11-03 00:00:00,0.782940132239741
2006-11-03 12:00:00,0.7833118232464663
2006-11-04 00:00:00,0.7830021126557396
2006-11-04 12:00:00,0.7831600994325493
2006-11-05 00:00:00,0.7826126521928576
2006-11-05 12:00:00,0.7820559212471122
2006-11-06 00:00:00,0.7811758063975763
2006-11-06 12:00:00,0.7803700265215746
2006-11-07 00:00:00,0.7792899642769024
2006-11-07 12:00:00,0.778722314368333
2006-11-08 00:00:00,0.7778267558955558
2006-11-08 12:00:00,0.7772205516264501
2006-11-09 00:00:00,0.7762274553523124
2006-11-09 12:00:00,0.7752619381753441
2006-11-10 00:00:00,0.774121256325828
2006-11-10 12:00:00,0.7731080496470508
2006-11-11 00:00:00,0.7720069967257108
2006-11-11 12:00:00,0.771473177802942
2006-11-12 00:00:00,0.7704023733668581
2006-11-12 12:00:00,0.7692819253406749
2006-11-13 00:00:00,0.7682096005453826
2006-11-13 12:00:00,0.767367408492387
2006-11-14 00:00:00,0.766463594567521
2006-11-14 12:00:00,0.7657185570167443
2006-11-15 00:00:00,0.7646396559638913
2006-11-15 12:00:00,0.7636322954865626
2006-11-16 00:00:00,0.7625853616806729
2006-11-16 12:00:00,0.7615812894697929
2006-11-17 00:00:00,0.7602833928523616
2006-11-17 12:00:00,0.7599399060655572
2006-11-18 00:00:00,0.7588485837611344
2006-11-18 12:00:00,0.7583942509436433
2006-11-19 00:00:00,0.7674594095936834
2006-11-19 12:00:00,0.7672879126380028
2006-11-20 00:00:00,0.7666799437394419
2006-11-20 12:00:00,0.7679279005789176
2006-11-21 00:00:00,0.7680871054635884
2006-11-21 12:00:00,0.7676809261809905
2006-11-22 00:00:00,0.7697541198334514
2006-11-22 12:00:00,0.7918880665160628
2006-11-23 00:00:00,0.7920051488633838
2006-11-23 12:00:00,0.7919827630442458
2006-11-24 00:00:00,0.7914691888683629
2006-11-24 12:00:00,0.790946112859414
2006-11-25 00:00:00,0.7903805285857634
2006-11-25 12:00:00,0.7894643008451561
2006-11-26 00:00:00,0.788421077763699
2006-11-26 12:00:00,0.7874527744266094
2006-11-27 00:00:00,0.7865276947898754
2006-11-27 12:00:00,0.7859887168815971
2006-11-28 00:00:00,0.7850400166992454
2006-11-28 12:00:00,0.7843350641131069
2006-11-29 00:00:00,0.7835494861773187
2006-11-29 12:00:00,0.7829781561045941
2006-11-30 00:00:00,0.7822063303525579
2006-11-30 12:00:00,0.7817710708859502
2006-12-01 00:00:00,0.7809101814684373
2006-12-01 12:00:00,0.7805268253936685
2006-12-02 00:00:00,0.7799500369036722
2006-12-02 12:00:00,0.7799832223186298
2006-12-03 00:00:00,0.7796419284135707
2006-12-03 12:00:00,0.7795497324637177
2006-12-04 00:00:00,0.7790960808049308
2006-12-04 12:00:00,0.7787010461393014
2006-12-05 00:00:00,0.7777152162504509
2006-12-05 12:00:00,0.7769675926476715
2006-12-06 00:00:00,0.7760635330809811
2006-12-06 12:00:00,0.7753545376835483
2006-12-07 00:00:00,0.7742700397563415
2006-12-07 12:00:00,0.7737198631850418
2006-12-08 00:00:00,0.7728737340702717
2006-12-08 12:00:00,0.7723960286467851
2006-12-09 00:00:00,0.7719105881134434
2006-12-09 12:00:00,0.8226696804586173
2006-12-10 00:00:00,0.8233273448292965
2006-12-10 12:00:00,0.8228959524141701
2006-12-11 00:00:00,0.8224476337308273
2006-12-11 12:00:00,0.8222076608942331
2006-12-12 00:00:00,0.8219745800871597
2006-12-12 12:00:00,0.8222907877891746
2006-12-13 00:00:00,0.8225419619775383
2006-12-13 12:00:00,0.8225616921681863
2006-12-14 00:00:00,0.822507782229172
2006-12-14 12:00:00,0.8222747239924287
2006-12-15 00:00:00,0.8217321386466745
2006-12-15 12:00:00,0.8214025907578257
2006-12-16 00:00:00,0.820780898708708
2006-12-16 12:00:00,0.8204136436720745
2006-12-17 00:00:00,0.8199313348598224
2006-12-17 12:00:00,0.8265396923561237
2006-12-18 00:00:00,0.8463220280873303
2006-12-18 12:00:00,0.8483996946535914
2006-12-19 00:00:00,0.8534038018826787
2006-12-19 12:00:00,0.855282993418938
2006-12-20 00:00:00,0.8546446251498175
2006-12-20 12:00:00,0.8551088477150033
2006-12-21 00:00:00,0.8552333868278248
2006-12-21 12:00:00,0.8546796285403621
2006-12-22 00:00:00,0.8541059961351486
2006-12-22 12:00:00,0.8536562053966381
2006-12-23 00:00:00,0.8530433061536111
2006-12-23 12:00:00,0.8525126851468521
2006-12-24 00:00:00,0.852123655157731
2006-12-24 12:00:00,0.8518875318563455
2006-12-25 00:00:00,0.851288657945462
2006-12-25 12:00:00,0.8504910991568887
2006-12-26 00:00:00,0.84978626966859
2006-12-26 12:00:00,0.8493851772699291
2006-12-27 00:00:00,0.848887191976245
2006-12-27 12:00:00,0.8487886207978639
2006-12-28 00:00:00,0.8486955291823831
2006-12-28 12:00:00,0.8489679949277561
2006-12-29 00:00:00,0.8488401853073834
2006-12-29 12:00:00,0.8493730088200745
2006-12-30 00:00:00,0.8489585280746591
2006-12-30 12:00:00,0.8485483664007655
2006-12-31 00:00:00,0.8478335116794585
2006-12-31 12:00:00,0.8472440385986642
